項番,区分,診療行為名称,記載事項,コメントコード,表示文言,紙レセのみ,適用
1,-,-,請求に際して、特に説明が必要と判断される内容は、簡潔に記載すること。,,―,,
2,-,-,医科点数表の例により算定することと告示された項目については、医科の記載要領の別表Ⅰに準じて記載すること。ジュン,,―,,
3,Ａ000,初診料ショシンリョウ,（健康診断の結果に基づき治療を開始する場合において、初診料を算定しない場合）健康診断の結果に基づき治療を開始した旨を記載すること。ケッカモトチリョウカイシ,820100300,健康診断の結果に基づき治療開始,,
4,A000,初診料注９　地域歯科医療加算チイキシカイリョウカサン,歯科巡回診療車による巡回診療の内容を記載すること。,820101872,イ　都道府県等が設置している保険医療機関が歯科巡回診療車を所有している。,,※
5,Ａ000,初診料注12　歯科診療特別対応連携加算ショシンリョウチュウ,当該患者の紹介元保険医療機関名を記載すること。,830100333,特連紹介元保険医療機関名；******,,
6,Ａ000,初診料注13　歯科診療特別対応地域支援加算,当該患者の紹介元保険医療機関名を記載すること。,830100334,特地紹介元保険医療機関名；******,,
7,Ａ000,初診料注６　歯科診療特別対応加算１、２ショシンリョウチュウシカシンリョウトクベツタイオウカサン,（感染症患者に対して歯科診療特別対応加算１又は２を算定した場合）患者の病名を選択して記載すること。カンセンショウカンジャタイシカシンリョウトクベツタイオウカサンマタカンジャビョウメイセンタク,820101196,（ア）狂犬病,,
8,A000,歯科診療特別対応加算１、２及び３,診療時間を記載すること。,CA002（301000470）,歯科診療特別対応加算１（初診）****分,○,
9,Ａ002,再診料（同日再診）（同日電話再診）サイシンリョウドウジツサイシンドウジツデンワサイシン,（同日に２回以上の再診（電話等再診を含む。）がある場合）同日再診、同日電話再診のうち該当するものを記載すること。,301003050,同日再診,○,
10,Ａ002,再診料（電話再診）サイシンリョウデンワサイシン,電話再診に係る再診料の回数を記載すること（再掲）。,301002810,電話等再診,○,
11,Ａ002,歯科診療特別対応加算１、２シカシンリョウトクベツタイオウカサン,（感染症患者に対して歯科診療特別対応加算を算定した場合）患者の病名を記載すること。カンセンショウカンジャタイシカシンリョウトクベツタイオウカサンカンジャビョウメイ,820101196,（ア）狂犬病,,
12,A002,歯科診療特別対応加算１、２及び３,診療時間を記載すること。,CA015（301001970）,歯科診療特別対応加算１（再診）****分,○,
13,Ａ002,再診料注13情報通信機器を用いた診療サイシンリョウチュウジョウホウツウシンキキモチシンリョウ,特に情報通信機器を用いた歯科診療が必要な患者の状態を選択して記載すること。なお、複数の状態に該当する場合は、該当する状態を全て記載すること。トクジョウホウツウシンキキモチシカシンリョウヒツヨウカンジャジョウタイセンタクキサイフクスウジョウタイガイトウバアイガイトウジョウタイスベキサイ,820101226,イ　新型インフルエンザ等感染症等の発生時であって、保険医療機関での対面での診療が困難な状況において、歯科診療を必要とする患者,,
14,Ｂ,医学管理等イガクカンリトウ,がん性疼痛緩和指導管理料、がん患者指導管理料、入院栄養食事指導料、外来緩和ケア管理料、外来リハビリテーション診療料、外来放射線照射診療料、外来腫瘍化学療法診療料、遺伝性疾患療養指導管理料、介護支援等連携指導料、がん治療連携計画策定料、がん治療連携指導料、がん治療連携管理料、こころの連携指導料（１） 、退院時共同指導料１、退院時共同指導料２、退院時薬剤情報管理指導料、がんゲノムプロファイリング評価提供料、傷病手当金意見書交付料及び医療機器安全管理料は、全体の「その他」欄に当該項目を記載すること。,302006410,がん性疼痛緩和指導管理料,○,
15,B000-4,歯科疾患管理料シカシッカンカンリリョウ,有床義歯に係る口腔管理のみを行った場合は、診療報酬明細書の摘要欄にその旨を記載する。ユウショウギシカカコウクウカンリオコナバアイシンリョウホウシュウメイサイショテキヨウランムネキサイ,820101879,有床義歯に係る口腔管理のみ,,※
16,B000-4,歯科疾患管理料注10　総合医療管理加算シカシッカンカンリリョウチュウソウゴウイリョウカンリカサン,主病に係る治療を行っている紹介元保険医療機関名を記載すること。,830100335,総合医療管理加算紹介元保険医療機関名；******,,
17,B000-5,周術期等口腔機能管理計画策定料１,（手術等を実施する保険医療機関からの文書による依頼に基づく場合）依頼元保険医療機関名を記載すること。,830100336,周計依頼元保険医療機関名；******,,
18,B000-5,周術期等口腔機能管理計画策定料２,（他の保険医療機関で策定した管理計画を修正した場合）変更前の管理計画書を策定した保険医療機関名を記載すること。,830100994,周計管理計画策定保険医療機関名；******シュウケイカンリケイカク,,※
19,Ｂ000-6Ｂ000-7,周術期等口腔機能管理料(Ⅰ)周術期等口腔機能管理料(Ⅱ）,手術の実施年月日又は予定年月日を記載すること。（「１　手術前」の算定がなく、「２　手術後」の算定がある場合）脳卒中等による緊急手術を実施した患者に対して術後早期に口腔機能管理の依頼を受けた旨を記載すること。ネンゲツネンゲツ,850100298,周１（手術後）手術等実施年月日；(元号)yy''年''mm''月''dd''日''シュウシュジュツゴ,,
20,Ｂ000-8,周術期等口腔機能管理料(Ⅲ),がん等に係る放射線治療又は化学療法の実施年月日又は予定年月日を記載すること。トウカカマタ,850100470,"放射線治療等実施年月日（周３）；（元号）yy""年""mm""月""dd""日""ジッシ",,
21,Ｂ000-9,周術期等口腔機能管理料(Ⅳ),がん等に係る放射線治療又は化学療法の実施年月日又は予定年月日を記載すること。,850190277,"放射線治療等実施年月日（周４）；（元号）yy""年""mm""月""dd""日""",,
22,Ｂ000-10,回復期等口腔機能管理計画策定料１カイフクキトウコウクウキノウカンリケイカクサクテイリョウ,（リハビリテーション等を実施する保険医療機関からの文書による依頼に基づく場合）依頼元保険医療機関名を記載すること。イライモトホケンイリョウキカンメイキサイ,830100875,回計依頼元保険医療機関名；******カイ,,
23,Ｂ000-10,回復期等口腔機能管理計画策定料２カイフクキトウコウクウキノウカンリケイカクサクテイリョウ,（他の保険医療機関で策定した管理計画を修正した場合）変更前の管理計画書を策定した保険医療機関名を記載すること。,830100995,回計管理計画策定保険医療機関名；******カイケイサクテイ,,※
24,Ｂ002,歯科特定疾患療養管理料注２　共同療養指導計画加算シカトクテイシッカンリョウヨウカンリリョウチュウ,共同療養指導計画の策定に関わった患者の主治医（区分番号Ｂ００２ 歯科特定疾患療養管理料の「注１」に規定する別に厚生労働大臣が定める疾患に係るものに限る。）の保険医療機関名を記載すること。,830100337,共計主治医の保険医療機関名；******,,
25,Ｂ003,特定薬剤治療管理料,全体の「その他」欄に初回の算定年月を記載すること。なお、４月目以降の特定薬剤治療管理料は、初回の算定年月の記載を省略して差し支えない。,850100307,"薬初回算定年月；（元号）yy""年""mm""月""",,
26,Ｂ004,悪性腫瘍特異物質治療管理料,実施した腫瘍マーカーの検査名を記載すること。ジッシ,830100338,悪性腫瘍特異物質治療管理料検査名；******,,
27,Ｂ004-6-2,歯科治療時医療管理料ジ,当該管理の対象となる医科の主病名を記載すること。,830100339,医管医科の主病名；******,,
28,Ｂ005,開放型病院共同指導料(Ⅰ),入院日を記載すること。ニュウイン,850100308,"開１入院年月日；（元号）yy""年""mm""月""dd""日""",,
29,Ｂ006-4,歯科遠隔連携診療料シカエンカクレンケイシンリョウリョウ,連携先の保険医療機関名を記載すること。レンケイサキホケンイリョウキカンメイキサイ,830100877,歯科遠隔連携診療料連携先保険医療機関名；******シカエンカクレンケイシンリョウリョウ,,
30,Ｂ007,退院前訪問指導料,（退院前訪問指導料を２回算定する場合）それぞれの訪問指導日を記載すること。タイインマエホウモンシドウリョウカイサンテイバアイホウモンシドウビキサイ,850100309,"退院前訪問指導年月日；（元号）yy""年""mm""月""dd""日""イン",,
31,Ｂ008,薬剤管理指導料１　特に安全管理が必要な医薬品が投薬又は注射されている患者に対して行う場合,指導日及び薬剤名を記載すること。オヨ,算定日情報,（算定日）,○,
32,Ｂ008,薬剤管理指導料２　１の患者以外の患者に対して行う場合バアイ,指導日を記載すること。,算定日情報,（算定日）,○,
33,Ｂ008,薬剤管理指導料注２　麻薬管理指導加算チュウカンリシドウ,指導日を記載すること。,850100310,"麻加指導年月日；（元号）yy""年""mm""月""dd""日""",,
34,Ｂ008-2,薬剤総合評価調整管理料,（当該保険医療機関及び他の保険医療機関で処方された内服薬を合計した種類数から２種類以上減少した場合）当該他の保険医療機関名及び各保険医療機関における調整前後の薬剤の種類数を記載すること。,842100062,薬剤総合評価調整管理料調整前後の種類数；******,,
35,Ｂ009,診療情報提供料（Ⅰ）,（保険医療機関以外の機関へ情報提供した場合）情報提供先を記載すること。,830100341,情１情報提供先；******,,
36,Ｂ009,診療情報提供料(Ⅰ)注５　退院患者の紹介加算チュウタイインカンジャショウカイカサン,退院日を記載すること。,850100311,"情１加１退院年月日；（元号）yy""年""mm""月""dd""日""",,
37,Ｂ009,診療情報提供料(Ⅰ)注８　検査・画像情報提供加算　イチュウケンサガゾウジョウホウテイキョウカサン,退院日を記載すること。,850100312,"検査・画像情報提供加算（退院患者の必要な情報を提供）退院年月日；（元号）yy""年""mm""月""dd""日""",,
38,Ｂ011,診療情報等連携共有料シンリョウジョウホウトウレンケイキョウユウリョウ,（診療情報等連携共有料１を算定する場合）連携先の保険医療機関名又は保険薬局名を記載すること。シンリョウジョウホウトウレンケイキョウユウリョウサンテイバアイレンケイサキホケンイリョウキカンメイマタホケンヤッキョクメイキサイ,830100342,診療情報等連携共有料連携先保険医療機関名；******トウ,,
39,B011-2,連携強化診療情報提供料,（妊娠中の場合）妊娠中である旨を記載すること。ニンシンチュウフチュウバアイニンシンチュウネンガツニチムネキサイ,820100579,妊娠中（連携強化診療情報提供料）チュウ,,
40,Ｂ011-4,退院時薬剤情報管理指導料,退院日を記載すること。,850100313,"退院時薬剤情報管理指導料退院年月日；（元号）yy""年""mm""月""dd""日""",,
41,Ｂ012,傷病手当金意見書交付料,全体の「その他」欄に交付年月日を記載すること。,850100089,"交付年月日（傷病手当金意見書交付料）；（元号）yy""年""mm""月""dd""日""",,
42,Ｂ013,新製有床義歯管理料,（「傷病名部位」欄に記載した欠損部位と装着部位が異なる場合）装着部位を記載すること。,830100343,義管装着部位；******タダシカンソウチャクブイ,,
43,Ｂ014,退院時共同指導料１,全体の「その他」欄に患者が入院している保険医療機関名を記載。なお、２回目の当該退院時共同指導料は、全体の「その他」欄に別に厚生労働大臣が定める疾病のうち、該当する病名を記載すること。なお、１回目の場合は１回目と記載すること。,830100344,退院時共同指導料１保険医療機関名；******,,
44,Ｂ015,退院時共同指導料２,全体の「その他」欄に当該指導を共同して行った保険医療機関名、共同指導に参画した者の職種及び指導年月日を記載すること。,830100346,退院時共同指導料２保険医療機関名；******,,
45,Ｃ000,歯科訪問診療料,訪問診療を行った日付、実施時刻（開始時刻と終了時刻）、訪問先名（記載例：自宅、○○マンション、介護老人保健施設××苑）及び患者の状態を記載すること。なお、「診療報酬の算定方法の一部改正に伴う実施上の留意事項について」別添２第２章第２部C０００歯科訪問診療料の（10）に該当し、歯科訪問診療２又は歯科訪問診療３を所定点数により算定した場合はその理由を記載すること。,853100010,"歯科訪問診療日及び開始時刻；dd""日""ｈｈ""時""ｍｍ""分""シカ",,
46,Ｃ000,歯科訪問診療料注８　患家診療時間加算注９  歯科診療特別対応加算注10　緊急歯科訪問診療加算、夜間歯科訪問診療加算又は深夜歯科訪問診療加算チュウチュウチュウ,（患家診療時間加算、歯科診療特別対応加算、緊急歯科訪問診療加算、夜間歯科訪問診療加算又は深夜歯科訪問診療加算がある場合）全体の「その他」欄に患家診療時間加算、歯科診療特別対応加算、緊急歯科訪問診療加算、夜間歯科訪問診療加算又は深夜歯科訪問診療加算である旨を記載すること。,CC001(303000370),患家診療時間加算（歯科訪問診療）,○,
47,Ｃ000,歯科訪問診療料注11　地域医療連携体制加算チュウ,地域医療連携体制加算である旨及び連携保険医療機関名を記載すること。オヨ,830100350,地域医療連携体制加算（歯科訪問診療料）連携保険医療機関名；******,,
48,Ｃ000,歯科訪問診療料注12　特別歯科訪問診療料シカホウモンシンリョウリョウチュウ,滞在時間（島に上陸したときから離島するまでの時間）を記載すること。シマジョウリクリトウジカン,CC013(303001570),滞在時間加算（１号地域）****分タイザイジカンカサンゴウチイキフン,○,
49,Ｃ000,歯科訪問診療料注18　歯科訪問診療移行加算シカホウモンシンリョウリョウチュウ,当該保険医療機関の外来を最後に受診した年月日を記載すること。トウガイホケンイリョウキカンネンガッピ,850100315,"歯科訪問診療移行加算外来最後受診年月日；（元号）yy""年""mm""月""dd""日""",,
50,Ｃ000,歯科訪問診療料注19　通信画像情報活用加算シカホウモンシンリョウリョウチュウツウシンガゾウジョウホウカツヨウカサン,歯科医師が口腔内を観察した際の訪問歯科衛生指導料（歯科衛生士等が行う場合）・、居宅療養管理指導費（歯科衛生士等が行う場合）又は介護予防居宅療養管理指導費（歯科衛生士等が行う場合）を算定した年月日を記載すること。シカイシコウクウナイカンサツサイホウモンシカエイセイシドウリョウシカエイセイシトウオコナバアイキョタクリョウヨウカンリシドウヒシカエイセイシトウオコナバアイマタカイゴヨボウキョタクリョウヨウカンリシドウヒシカエイセイシトウオコナバアイサンテイネンゲツヒキサイ,850100398,"訪問歯科衛生指導料（歯科衛生士等が行う場合）算定年月日；（元号）yy""年""mm""月""dd""日""",,
51,Ｃ001,訪問歯科衛生指導料,訪問歯科衛生指導を行った日付及び指導の実施時刻（開始時刻と終了時刻）を記載すること。,853100012,"訪問歯科衛生指導日及び開始時刻；dd""日""ｈｈ""時""ｍｍ""分""ビオヨ",,
52,Ｃ001-3,歯科疾患在宅療養管理料シカシッカンザイタクリョウヨウカンリリョウ,（指定居宅サービスに要する費用の額の算定に関する基準（平成12年厚生労働省告示19号）別表「５　居宅療養管理指導費」の「ロ　歯科医師が行う場合」又は指定介護予防サービスに要する費用の額の算定に関する基準（平成18年厚生労働省告示127号）別表「５　介護予防居宅療養管理指導費」　の「ロ　歯科医師が行う場合」を算定した場合）該当するものを選択し、算定年月日を記載すること。キョタクリョウヨウカンリシドウヒカイゴヨボウキョタクリョウヨウカンリシドウヒバアイガイトウセンタクネンガッピ,820100306,居宅療養管理指導費キョタクリョウヨウカンリシドウヒ,,
53,Ｃ001-3,歯科疾患在宅療養管理料注４　在宅総合医療管理加算注５　在宅歯科医療連携加算１注６　在宅歯科医療連携加算２チュウザイタクソウゴウイリョウカンリカサンチュウザイタクシカイリョウレンケイカサンチュウザイタクシカイリョウレンケイカサン,（在宅総合医療管理加算を算定した場合）在宅総合医療管理加算については、主病に係る治療を行っている紹介元保険医療機関名を記載すること。（在宅歯科医療連携加算１又は２を算定した場合）提供元の保険医療機関又は介護保険施設等の名称を記載すること。マタ,830100351,在歯総医紹介元保険医療機関名；******,,
54,Ｃ001-4-2,在宅患者歯科治療時医療管理料ジ,当該管理の対象となる医科の主病名を記載すること。,830100354,在歯管医科主病名；******,,
55,Ｃ001-5,在宅患者訪問口腔リハビリテーション指導管理料注６　在宅歯科医療連携加算１注７　在宅歯科医療連携加算２チュウザイタクシカイリョウレンケイカサンチュウザイタクシカイリョウレンケイカサン,当該管理の実施日及び実施時刻(開始時刻と終了時刻)を記載すること。（在宅歯科医療連携加算１又は２を算定した場合）提供元の保険医療機関又は介護保険施設等の名称を記載すること。ザイタクカイゴホケンシセツ,853100014,"訪問口腔リハ実施日及び開始時刻（在宅患者訪問口腔リハ）；dd""日""ｈｈ""時""ｍｍ""分""ジッシビオヨ",,
56,Ｃ001-6,小児在宅患者訪問口腔リハビリテーション指導管理料,当該管理の実施日及び実施時刻(開始時刻と終了時刻)を記載すること。（小児在宅歯科医療連携加算１又は２を算定した場合）提供元の保険医療機関又は障害児入所施設等の名称を記載すること。ショウニショウガイジニュウショ,853100016,"小訪問口腔リハ開始日時；dd""日""ｈｈ""時""ｍｍ""分""",,
57,C001-7,在宅歯科栄養サポートチーム等連携指導料,（在宅歯科栄養サポートチーム等連携指導料１を算定する場合）連携先の保険医療機関の名称及びカンファレンス等に参加した年月日を記載すること。ザイタクシカエイヨウトウレンケイシドウリョウサンテイバアイメイショウ,830100885,連携先保険医療機関名（在宅歯科栄養サポートチーム等連携指導料１）；******レンケイサキホケン,,
58,Ｃ007,在宅患者連携指導料,全体の「その他」欄に当該指導に係る情報共有先の保険医療機関名又は保険薬局名、訪問看護ステーション名及び当該指導を行った年月日を記載すること。,830100357,在宅患者連携指導料情報共有先保険医療機関名等；******,,
59,Ｃ008,在宅患者緊急時等カンファレンス料トウ,全体の「その他」欄に訪問先、当該カンファレンスに参加した保険医療機関名又は保険薬局名、訪問看護ステーション名、当該カンファレンスを行った日及び当該指導日を記載すること。,830100358,在宅患者緊急時等カンファレンス料訪問先；******,,
60,Ｄ,検査ケンサ,（記載欄が示されていない各種の検査を行った場合）Ｘ線・検査の「その他」欄に検査の名称を記載すること。オコナバアイケンサメイショウキサイ,診療行為コード,（診療行為名を表示。）,○,
61,D 002,歯周病検査シシュウビョウケンサ,（歯周病継続支援治療に規定する状態に該当しなくなったことにより、別の治療を行う必要がある場合）ＳＰＴ中断年月日を記載すること。,850100596,"ＳＰＴ中断年月日；（元号）yy""年""mm""月""dd""日""",,※
62,Ｄ002-5,歯周病部分的再評価検査シシュウビョウブブンテキサイヒョウカケンサ,Ｘ線・検査の「その他」欄に部位を記載すること。,830100360,Ｐ部検部位；******ブイ,,
63,Ｄ002-6,口腔細菌定量検査２コウクウサイキンテイリョウケンサ,前回の算定年月を記載すること。（初回である場合は初診月を除き初回である旨）を記載すること。ゼンカイネンゲツキサイ,850190250,"前回の算定年月（口腔細菌定量検査２）；（元号）yy""年""mm""月""ゼンカイ",,
64,Ｄ009,顎運動関連検査,実施した検査名として、Ｘ線・検査の「その他」欄にＭＭＧ、ＣｈＢ、ＧｏＡ、Ｐｔｇのうち該当するものを記載すること。,820100308,ＭＭＧ,,
65,Ｄ010,歯冠補綴時色調採得検査,それぞれの検査ごとに検査対象となった歯冠補綴物の部位を記載すること。なお、「傷病名部位」欄の記載から当該検査を行った部位が明らかに特定できる場合は、記載を省略して差し支えない。ショウビョウメイブイランキサイトウガイケンサオコナブイアキトクテイバアイキサイショウリャクサツカ,830100362,歯冠補綴時色調採得検査部位；******ブイ,,
66,Ｄ011,有床義歯咀嚼機能検査,有床義歯咀嚼機能検査を開始する時に、「診療報酬の算定方法の一部改正に伴う実施上の留意事項について」別添２第２章第１部D011有床義歯咀嚼機能検査の（９）のイからホまでのうち該当するものを選択して記載すること。,820100770,イ　総義歯又は９歯以上の局部義歯を装着する場合バアイ,,
67,Ｄ011-2,咀嚼能力検査１ソシャクノウリョクケンサ,前回の算定年月（初回である場合は初診月を除き初回である旨）を記載すること。ゼンカイネンゲツ,850190251,"前回の算定年月（咀嚼能力検査１）；（元号）yy""年""mm""月""ゼンカイ",,
68,Ｄ011-2,咀嚼能力検査２ソシャクノウリョクケンサ,手術前である旨又は手術後の直近の算定年月を記載すること。シュジュツマエムネマタシュジュツゴチョッキンネンゲツキサイ,850190252,"手術後の直近の算定年月（咀嚼能力検査２）；（元号）yy""年""mm""月""シュジュツゴチョッキン",,
69,Ｄ011-3,咬合圧検査１コウゴウアツケンサ,前回の算定年月（初回である場合は初診月を除き初回である旨）を記載すること。ゼンカイネンゲツ,850190253,"前回の算定年月（咬合圧検査１）；（元号）yy""年""mm""月""ゼンカイ",,
70,Ｄ011-3,咬合圧検査２コウゴウアツケンサ,手術前である旨又は手術後の直近の算定年月を記載すること。シュジュツマエムネマタシュジュツゴチョッキンネンゲツキサイ,850190254,"手術後の直近の算定年月（咬合圧検査２）；（元号）yy""年""mm""月""シュジュツゴチョッキン",,
71,Ｄ011-5,口腔粘膜湿潤度検査コウクウネンマクシツジュンドケンサ,前回の算定年月（初回である場合は初診月を除き初回である旨）を記載すること。ゼンカイネンゲツ,850100597,"前回の算定年月（口腔粘膜湿潤度検査）；（元号）yy""年""mm""月""ゼンカイコウクウネンマクシツジュンド",,※
72,Ｄ012,舌圧検査ゼツアツケンサ,舌圧検査に当たって、該当する患者の状態を選択して記載すること。ゼツアツケンサアガイトウカンジャジョウタイセンタクキサイ,820100318,口腔機能の低下が疑われる場合コウクウキノウテイカウタガバアイ,,
73,Ｄ100,薬剤（検査）ヤクザイケンサ,（検査に当たって薬剤を使用した場合）薬剤名及び使用量を記載すること。,医薬品コード,（医薬品名を表示。）,○,
74,Ｅ,画像診断ガゾウシンダン,（標準型以外のフィルムを使用して撮影（アナログ撮影）を行った場合）Ｘ線・検査の「その他」欄に使用フィルムの種類を記載すること。（新生児、３歳未満の乳幼児又は３歳以上６歳未満の幼児に対する加算を算定した場合）「Ｘ線・検査」欄のそれぞれの項の記載要領にかかわらずＸ線・検査の「その他」欄に画像診断の種類を記載すること。（標準型以外のフィルムを使用して撮影（アナログ撮影）を行った場合、全顎撮影（デジタル撮影）、歯科エックス線撮影の全顎撮影以外（デジタル撮影）、歯科パノラマ断層撮影（デジタル撮影）、歯科用３次元エックス線断層撮影及び歯科部分パノラマ断層撮影以外の画像診断を行った場合）Ｘ線・検査の「その他」欄に画像診断の種類を記載すること。キサイランコウキサイヨウリョウキサイオヨイガイガゾウシンダンオコナバアイキサイ,診療行為コード,（診療行為名を表示。）,○,
75,Ｅ（通則）,時間外緊急院内画像診断加算,撮影開始日時を記載すること。,853100018,"時間外緊急院内画像診断加算撮影開始日時（時間外緊急院内画像診断加算）；dd""日""ｈｈ""時""ｍｍ""分""ニチジ",,
76,Ｅ200,基本的エックス線診断料,Ｘ線・検査の「その他」欄に入院日数及び点数を次の例により記載すること。〔記載例〕「基エ」　(１５日)　　８２５,830100363,基エ（４週以内）；******,,
77,Ｅ301,造影剤ゾウエイザイ,（画像診断に当たって薬剤を使用した場合）薬剤名及び使用量を記載すること。,医薬品コード,（医薬品名を表示。）,○,
78,Ｆ,投薬トウヤク,使用薬剤の医薬品名、規格・単位（％、ｍL又はｍｇ等）及び使用量を記載。ただし、届出保険医療機関は、薬剤料に掲げる所定単位の薬価が175円以下の場合は、使用薬剤の医薬品名・使用量等の記載は不要とする。なお、複数の規格単位のある薬剤について最も小さい規格単位を使用する場合は、規格単位は省略して差し支えない。,医薬品コード,（医薬品名を表示。）,○,
79,Ｆ400,処方箋料リョウ,（万一緊急やむを得ない事態が生じ、同一の患者に対して、同一診療日に一部の薬剤を院内において投薬し他の薬剤を院外処方箋により投薬した場合）日付及び理由を記載すること。,850100331,"同日に院内処方及び処方箋による投薬を行った診療年月日；（元号）yy""年""mm""月""dd""日""ネンゲツ",,
80,Ｇ,注射チュウシャ,（皮内、皮下及び筋肉内注射又は静脈内注射のその他の注射を行った場合）全体の「その他」欄に注射の種類、その内訳は、「摘要」欄に注射の種別、所定単位当たりの使用薬剤の薬名、使用量及び回数等を記載すること。（その他の注射を行った場合）全体の「その他」欄に注射の種類、その内訳は、「摘要」欄に注射の種別、所定単位当たりの使用薬剤の薬名、使用量及び回数等を記載すること。,診療行為コード,（診療行為名を表示。）メイ,○,
81,Ｇ004,点滴注射注３　血漿成分製剤加算チュウ,１回目の注射の実施日を記載すること。,850100332,"血漿（点滴）１回目実施年月日；（元号）yy""年""mm""月""dd""日""ネンゲツ",,
82,Ｇ005,中心静脈注射注１　血漿成分製剤加算チュウ,１回目の注射の実施日を記載すること。,850100333,"血漿（中心静脈注射）１回目実施年月日；（元号）yy""年""mm""月""dd""日""ネンゲツ",,
83,Ｇ100,薬剤（注射）ヤクザイチュウシャ,使用薬剤の医薬品名、規格・単位（％、ｍL又はｍｇ等）及び使用量を記載すること。ただし、届出保険医療機関は、注射のうち皮内、皮下及び筋肉内注射又は静脈注射であって入院中の患者以外の患者に対するものにあっては１回当たりの、それ以外の注射にあっては１日当たりの薬価がそれぞれ175円以下の場合は、使用薬剤の医薬品名・使用量等の記載は不要とする。なお、複数の規格単位のある薬剤について最も小さい規格単位を使用する場合は、規格単位は省略して差し支えない。（注射の手技料を包括する点数を算定するに当たって、併せて当該注射に係る薬剤料を算定する場合）「投薬・注射」欄及び「摘要」欄に同様に記載すること。,医薬品コード,（医薬品名を表示。）,○,
84,Ｈ,リハビリテーション,（「制限回数を超えて行う診療」に係るリハビリテーションを行った場合）次の例により、当該「制限回数を超えて行う診療」の名称、徴収した特別の料金及び回数を他のリハビリテーションと区別して記載すること。〔記載例〕脳血管疾患等リハビリテーション料（Ⅱ）イ　２００×１８実施日数３日（リハ選）脳血管疾患等リハビリテーション料　２，０００円×１オコナバアイ,830100372,リハ選；******,,
85,Ｈ001,摂食機能療法,摂食機能療法の実施日、実施時刻（開始時刻と終了時刻）等を記載すること。,853100019,"摂食機能療法開始日時（摂食機能療法）；dd""日""ｈｈ""時""ｍｍ""分""",,
86,Ｈ001,摂食機能療法注３ 摂食嚥下機能回復体制加算チュウ,連携している医師名を記載すること。レンケイ,830100373,摂食嚥下機能回復体制加算（摂食機能療法）連携医師名；******,,
87,Ｉ,処置ショチ,（該当する記載欄を設けていない場合及び該当欄に記載しきれない場合）処置・手術の「その他」欄に当該処置の名称を記載すること。メイショウキサイ,診療行為コード,（診療行為名を表示。）,○,
88,Ｉ（通則）ツウソク,時間外加算休日加算深夜加算,（第８部処置の通則「６」の規定により時間外加算（時間外加算の特例を含む。）、休日加算又は深夜加算を算定した場合）処置・手術の「その他」欄に処置名及び加算の種類を記載すること。,診療行為コード,（診療行為名を表示。）,○,
89,Ｉ（通則）ツウソク,乳幼児加算ニュウヨウジカサン,（当月中に６歳を迎え、加算した点数と加算しない点数が混在する場合）記載欄に加算した点数及び回数を記載し、処置・手術の「その他」欄に加算しない点数及び回数を名称を付して記載して差し支えない。サツカ,診療行為コード,（診療行為名を表示。）,○,
90,Ｉ000-2,咬合調整,「診療報酬の算定方法の一部改正に伴う実施上の留意事項について」別添２第２章第8部Ｉ000-2咬合調整の(１)のイからハまでのいずれに該当するかを記載すること。,820100910,イ　一次性咬合性外傷の場合,,
91,Ｉ006,感染根管処置,（抜歯を前提として急性症状の消退を図ることを目的として根管拡大を行った場合）処置・手術の「その他」欄に部位を記載すること。なお、「傷病名部位」の記載から当該処置を行った部位が明らかに特定できる場合は、処置・手術の「その他」欄への部位の記載を省略して差し支えない。,830100376,抜歯前提の消炎目的の根管拡大部位；******ブイ,,
92,Ｉ007,根管貼薬処置,（同一歯に対して初回の根管貼薬処置を実施した日の属する月から起算して６月を超えて治療を継続して処置を行う場合）当該歯の状態及び初回の根管貼薬処置を行った年月を記載すること。,830100377,根貼実施部位の状態；******,,
93,I008,根管充填コンカンジュウテン,（暫間根管充填又は暫間根管充填後に根管充填を行う場合）暫間根管充填又は暫間根管充填後に根管充填を行う旨を記載すること。,820100329,暫間根充ザンカンネ,,
94,Ｉ008-2,加圧根管充填処置,（加圧根管充填後の歯科エックス線撮影において、妊娠中であり、エックス線撮影に同意が得られない場合）妊娠中であり、エックス線撮影に同意が得られない旨を記載すること。,820100390,妊娠中（加圧根管充填処置）ニンシンチュウカアツコンカンジュウテンショチ,,
95,Ｉ008-2,加圧根管充填処置注３　手術用顕微鏡加算チュウ,（手術用顕微鏡加算において、連携する保険医療機関にて歯科用３次元エックス線断層撮影を撮影した場合）撮影した保険医療機関名を記載すること。ホケンホケン,830100379,手術用顕微鏡加算（加圧根管充填処置）撮影保険医療機関名；******ホケン,,
96,Ｉ009-7,ハイフローセラピー,動脈血酸素分圧又は経皮的酸素飽和度の測定結果を記載する。,830100251,動脈血酸素分圧又は経皮的酸素飽和度測定結果（ハイフローセラピー）；,,
97,Ｉ010,歯周病処置シシュウシッペイショチ,処置・手術の「その他」欄に部位及び使用した薬剤の名称を記載すること。なお、特定薬剤を算定した場合は、部位のみを記載すること。,830100380,Ｐ処部位；******,,
98,Ｉ011-2,歯周病継続支援治療ケイゾクシエン,前回の歯周病継続支援治療の実施年月（初回である場合は初診月を除き初回である旨）を記載すること。ケイゾクシエンジッシショシンツキノゾ,850100337,"ＳＰＴ前回実施年月；（元号）yy""年""mm""月""",,
99,Ｉ011-2,重症化予防連携強化加算ジュウショウカヨボウレンケイキョウカカサン,（糖尿病の病態によって歯周病の重症化を引き起こすおそれのある患者に対して、歯周病継続支援安定期治療を実施し、他の保険医療機関の主治の医師に治療した内容、今後の治療方針等について情報提供を行った場合）初回の年月日及び紹介元保険医療機関名を記載。ビョウケイゾクシエンアンテイキチリョウジッシホケン,850190272,"ＳＰＴ初回年月日；（元号）yy""年""mm""月""dd""日""",,
100,Ｉ014,暫間固定ザンカンコテイ,固定を行った部位（固定源となる歯を含めない。）及びその方法を記載し、暫間固定の前回実施年月日（１回目の場合は1回目と記載する。）及び歯周外科手術の予定の有無を記載すること。なお、歯周外科手術後の暫間固定を行う場合については、歯周外科手術の予定に関する記載は不要であり、手術後１回目の場合は術後1回目と記載し、２回目以降は前回実施年月日を記載する。コテイオコナブイオヨホウホウキサイザンカンコテイゼンカイジッシネンガッピカイメバアイカイメキサイオヨシシュウゲカシュジュツヨテイウムキサイシシュウゲカシュジュツゴザンカンコテイオコナバアイシシュウゲカシュジュツヨテイカンキサイフヨウシュジュツゴカイメバアイジュツゴカイメキサイカイメイコウゼンカイジッシネンガッピキサイ,830100383,暫間固定部位；******,,
101,Ｉ017,口腔内装置コウクウナイソウチ,「診療報酬の算定方法の一部改正に伴う実施上の留意事項について」別添２第２章第８部Ｉ017口腔内装置の（１）のイからルまでに規定するものの中から該当するものを記載すること。なお、トを選択した場合は手術の予定日及び手術を行う保険医療機関名を記載すること。コウクウナイソウチセンタクバアイキサイ,820100339,イ　顎関節治療用装置,,
102,Ｉ017-1-2,睡眠時無呼吸症候群に対する口腔内装置タイ,紹介元保険医療機関名を記載すること。（医科歯科併設の病院であって院内紹介を受けた場合は、院内紹介元の担当科名を記載。）インナイショウカイウ,830100385,睡眠時無呼吸症候群に対する口腔内装置紹介元保険医療機関名；******,,
103,I017-1-3,舌接触補助床シタセッショクホジョユカ,（舌接触補助床の装着予定日から起算して１月以上患者が来院しない場合）「令和　年　月分」欄に製作月を、「診療実日数」欄に０を、「転帰」欄に中止を、「摘要」欄に装着物の種類、装着予定年月日及び装着できなくなった理由を記載すること。,830100404,未来院請求　装着物の種類；******,,
104,I017-1-4,術後即時顎補綴装置ジュツゴソクジアゴホテツソウチ,（術後即時顎補綴装置の装着予定日から起算して１月以上患者が来院しない場合）「令和　年　月分」欄に製作月を、「診療実日数」欄に０を、「転帰」欄に中止を、「摘要」欄に装着物の種類、装着予定年月日及び装着できなくなった理由を記載すること。,830100404,未来院請求　装着物の種類；******,,
105,Ｉ019,歯冠修復物又は補綴物の除去,除去した歯冠修復物並びに補綴物等の部位及び種類を記載すること。なお、「傷病名部位」欄の記載から除去した部位及び種類が明らかに特定できる場合は、「摘要」欄への部位の記載を省略して差し支えない。トウメイ,830100386,除去部位；******,,
106,Ｉ021,根管内異物除去　注　手術用顕微鏡加算,（手術用顕微鏡加算において、連携する保険医療機関にて歯科用３次元エックス線断層撮影を撮影した場合）撮影した保険医療機関名を記載すること。ホケンホケン,830100388,歯科用３次元エックス線断層撮影を撮影した保険医療機関名等；******,,
107,Ｉ023,心身医学療法,確定診断を行った医科保険医療機関名（医科歯科併設の病院であって心因性疾患を有する歯科領域の患者について、確定診断が可能な医科診療科が設置されている場合は、確定診断を行った診療科名）、紹介年月日、治療の内容の要点、実施日、実施時刻（開始時刻と終了時刻）を記載すること。,830100389,心身医学療法医科保険医療機関名等；******,,
108,Ｉ029,周術期等専門的口腔衛生処置,（周術期等口腔機能管理料(Ⅰ)又は(Ⅱ)を算定した患者に対して当該処置を行った場合）当該患者の手術を行った年月日又は予定年月日、手術名を記載すること。,850100343,"術口衛手術年月日；（元号）yy""年""mm""月""dd""日""",,
109,Ｉ030,機械的歯面清掃処置,（I030機械的歯面清掃処置の留意事項通知（３）に規定している患者以外の場合）前回実施年月（初回である場合は初診月を除き初回である旨）を記載すること。,850100346,"歯清前回実施年月；（元号）yy""年""mm""月""",,
110,Ｉ031,フッ化物歯面塗布処置,（フッ化物歯面塗布処置の「１ う蝕多発傾向者の場合」又は「２ 初期の根面う蝕に罹患している患者の場合」を算定した場合）前回実施年月（初回である場合は初診月を除き初回である旨）を記載すること。（フッ化物歯面塗布処置の「３ エナメル質初期う蝕に罹患している患者の場合」（エナメル質初期う蝕管理料の口腔管理体制強化加算を算定した患者を除く）を算定した場合）前回実施年月（初回である場合は初診月を除き初回である旨）を記載すること。マタシツ,850100347,"Ｆ局前回実施年月；（元号）yy""年""mm""月""",,
111,Ｉ090,薬剤（処置）ヤクザイショチ,（生活歯髄切断又は抜髄を行い、区分番号Ｉ０９０により薬剤を算定する場合）処置・手術の「その他」欄にその医薬品名、使用量を記載すること。バンゴウ,医薬品コード,（医薬品名を表示。）,○,
112,Ｉ100,特定薬剤（処置）トクテイショチ,（区分番号Ｉ１００により特定薬剤を算定する場合）処置・手術の「その他」欄にその医薬品名、使用量を記載すること。バンゴウ,医薬品コード,（医薬品名を表示。）,○,
113,Ｊ,手術シュジュツ,（該当する記載欄を設けていない場合及び該当欄に記載しきれない場合）処置・手術の「その他」欄に当該手術の名称を記載すること。メイショウキサイ,診療行為コード,（診療行為名を表示。）シンリョウコウイメイ,○,
114,Ｊ（通則）ツウソク,時間外加算休日加算深夜加算ジカンガイ,（第９部手術の通則「９」の規定により時間外加算（時間外加算の特例を含む。）、休日加算又は深夜加算を算定した場合）処置・手術の「その他」欄に手術名及び加算の種類を記載すること。,診療行為コード,（診療行為名を表示。）シンリョウコウイメイ,○,
115,Ｊ（通則）ツウソク,乳幼児加算ニュウヨウジカサン,（当月中に６歳を迎え、加算した点数と加算しない点数が混在する場合）記載欄に加算した点数及び回数を記載し、加算しない点数については、処置・手術の「その他」欄に名称、加算しない点数及び回数を記載する。カサンテンスウメイショウテンスウ,診療行為コード,（診療行為名を表示。）,○,
116,Ｊ（通則）ツウソク,観血的手術加算,（入院を必要とするＨＩＶ抗体陽性の患者に対して行った場合）処置・手術の「その他」欄に手術の名称を記載すること。ニュウインヒツヨウコウタイヨウセイカンジャタイオコナバアイメイショウキサイ,診療行為コード,（診療行為名を表示。）,○,
117,Ｊ000,抜歯手術,（難抜歯加算の対象となる歯又は埋伏歯において完全抜歯が困難となりやむを得ず抜歯を中止した場合で抜歯料を算定した場合）完全抜歯が困難となりやむを得ず抜歯を中止した旨を記載すること。（抜歯のための術前処置として手術野の消毒・麻酔等を行い、抜歯の態勢に入ったが、脳貧血等の患者の急変によりやむを得ず抜歯を中止した場合）抜歯を中止と記載すること。（上記以外の理由により抜歯を中止した場合）その他を選択し、その理由を記載すること。ナンバッシカサンタイショウハマタマイフクシカンゼンバッシコンナンエバッシチュウシバアイジョウキイガイ,820100349,完全抜歯が困難となりやむを得ず抜歯を中止,,
118,Ｊ004,歯根端切除手術　２　歯科用３次元エックス線断層撮影装置及び手術用顕微鏡を用いた場合,処置・手術の「その他」欄に手術を行った部位を記載すること。,830100393,根切部位；******,,
119,Ｊ004-2,歯の再植術,手術部位を記載すること。なお、「傷病名部位」欄の記載から当該手術を行った部位が明らかに特定できる場合は、「摘要」欄への部位の記載を省略して差し支えない。,830100395,歯の再植術部位；******,,
120,Ｊ004－2,歯の再植術ハサイショクジュツ,（歯内治療が困難な根尖病巣を有する保存が可能な小臼歯又は大臼歯であって、解剖学的な理由から歯根端切除手術が困難な症例に対して、歯の再植による根尖病巣の治療を行った場合）部位及び算定理由を記載すること。なお、「傷病名部位」欄の記載から当該治療を行った部位が明らかに特定できる場合は、部位の記載を省略して差し支えない。,830100396,歯の再植による根尖病巣の治療部位；******,,
121,Ｊ004-3,歯の移植手術イショクシュ,手術部位を記載すること。なお、「傷病名部位」欄の記載から当該手術を行った部位が明らかに特定できる場合は、「摘要」欄への部位の記載を省略して差し支えない。,830100398,歯の移植手術部位；******,,
122,Ｊ013,口腔内消炎手術,（顎炎又は顎骨骨髄炎等の手術として骨の開さく等を行い口腔内消炎手術を行う場合）処置・手術の「その他」欄に顎炎又は顎骨骨髄炎等の手術として骨の開さく等を行い口腔内消炎手術を行う旨及び抜歯した歯の部位を記載すること。コツコツ,820100351,顎炎又は顎骨骨髄炎等の手術としての骨の開さく等コツカイトウ,,
123,Ｊ063,歯周外科手術,処置・手術の「その他」欄に算定する区分の名称及び歯周外科手術を行った部位を記載すること。オヨ,310011610,掻爬術,○,
124,Ｊ063,歯周外科手術注５　手術時歯根面レーザー応用加算チュウ,処置・手術の「その他」欄に当該加算の名称を記載すること。ショチシュジュツトウガイカサンメイショウ,CJ027(310030670),手術歯根（ＦＯｐ又はＧＴＲ）,○,
125,Ｊ090,皮膚移植術（生体・培養）セイタイバイヨウ,皮膚移植者の診療報酬明細書の「摘要」欄に療養上の費用に係る合計点数を併せて記載するとともに、皮膚提供者の療養に係る点数を記載した診療報酬明細書を添付する。ヒフイショクシャシンリョウホウシュウメイサイショ,310021070,提供者の療養上の費用（皮膚移植術）,○,
126,Ｊ109,広範囲顎骨支持型装置埋入手術,処置・手術の「その他」欄に手術を行った部位を記載すること。,830100401,特イ術部位；******,,
127,Ｊ110,広範囲顎骨支持型装置掻爬術,処置・手術の「その他」欄に手術を行った部位を記載すること。,830100403,特イ掻部位；******,,
128,Ｊ111,頭頚部悪性腫瘍光線力学療法トウケイブ,処置・手術の「その他」欄に手術を行った部位を記載すること。,830100920,歯頭頚悪光部位；******ハトウケイアクヒカリブイ,,
129,J200-4-2,レーザー機器加算キキカサン,処置・手術の「その他」欄に当該加算の名称を記載することショチシュジュツトウガイカサンメイショウ,BJ005(310036210),レーザー機器加算１,○,
130,J300,特定薬剤（手術）トクテイヤクザイシュジュツ,（区分番号Ｊ３００により特定薬剤を算定する場合）処置・手術の「その他」欄にその医薬品名、使用量を記載すること。,医薬品コード,（医薬品名を表示。）,○,
131,Ｊ400,特定保険医療材料（手術）トクテイホケンイリョウザイリョウシュジュツ,（手術等において特定保険医療材料等を使用した場合）以下、処置・手術の「その他」欄に記載すること。ａ　手術、処置、検査等の名称は、告示名又は通知名を使用。ｂ　手術、処置、検査等の手技料は、必ず点数を記載すること。ｃ　材料は、①商品名、②告示の名称又は通知の名称、③規格又はサイズ、④材料価格、⑤使用本数又は個数の順に手術ごとに記載。なお、告示の名称又は通知の名称は、（　）書きとする。ｄ　保険医療機関における購入価格によるものは、定価ではなく保険医療機関が実際に購入した価格を記載すること。ｅ　手術等の名称、手技の加算、薬剤、特定保険医療材料等の順に記載すること。〔記載例〕③特定保険医療材料　　［商品名］××××（鼻孔プロテーゼ）　　　３８７×１,診療行為コード,（診療行為名を表示。）,○,
132,Ｋ,麻酔マスイ,（伝達麻酔、浸潤麻酔等以外の医科点数表の取扱いによる麻酔を行った場合）麻酔の「その他」欄に麻酔名を記載。なお、使用麻酔薬は、麻酔薬名及び使用量を記載すること。オコナバアイキサイオヨキサイ,診療行為コード,（診療行為名を表示。）シンリョウコウイ,○,
133,Ｋ（通則）ツウソク,時間外加算休日加算深夜加算,（第１０部麻酔の通則「４」の規定により時間外加算（時間外加算の特例を含む。）、休日加算又は深夜加算を算定した場合）麻酔名及び加算の種類を記載すること。,診療行為コード,（診療行為名を表示。）メイ,○,
134,Ｋ（通知通則）ツウチツウソク,麻酔薬剤マスイヤクザイ,使用した酸素又は窒素、地方厚生（支）局長に届け出た購入単価（単位　銭）（酸素のみ）、当該請求に係る使用量（単位　リットル）を麻酔の「その他」欄に記載すること。なお、酸素の請求は、Ⅱの第３の２(20)のクの（イ）のｆと同様とする。チッソマスイホカラン,特定器材コード,（特定器材名を表示。）,○,※
135,Ｋ002,吸入鎮静法,使用麻酔薬は、麻酔の「その他」欄に麻酔薬名及び使用量を記載すること。また、使用した窒素請求は当該請求に係る使用量（単位　リットル）を記載。キサイ,医薬品コード,（医薬品名を表示。）,○,
136,Ｋ003,静脈内鎮静法,使用薬剤は、麻酔の「その他」欄に薬剤名及び使用量を記載すること。ヤクザイ,医薬品コード,（医薬品名を表示。）,○,
137,Ｋ005,歯科吸入麻酔又は歯科静脈麻酔(Ⅰ),使用薬剤は、麻酔の「その他」欄に薬剤名及び使用量を記載すること。,医薬品コード,（医薬品名を表示。）,○,※
138,Ｋ006,歯科吸入麻酔又は歯科静脈麻酔(Ⅱ),使用薬剤は、麻酔の「その他」欄に薬剤名及び使用量を記載すること。,医薬品コード,（医薬品名を表示。）,○,※
139,Ｋ100,薬剤（麻酔）ヤクザイマスイ,麻酔の「その他」欄に医薬品名を記載すること。マスイキサイ,医薬品コード,（医薬品名を表示。）,○,
140,Ｍ,歯冠修復及び欠損補綴オヨ,（歯冠修復物又は欠損補綴物の装着予定日から起算して１月以上患者が来院しない場合）「令和　年　月分」欄に製作月を、「診療実日数」欄に０を、「転帰」欄に中止を、「摘要」欄に未、装着物の種類、装着予定日及び装着できなくなった理由を記載すること。なお、「歯冠修復及び欠損補綴」欄の記載から当該装着物の種類が明らかに特定できる場合は、「摘要」欄への装着物の種類の記載を省略して差し支えない。（未来院請求後に患者が再び来院し、すでに未来院請求を行った歯冠修復物又は欠損補綴物を装着する場合の装着料及び装着材料料を算定する場合）未来院請求後及び装着物の種類を記載すること。なお、「歯冠修復及び欠損補綴」欄の記載から当該装着物の種類が明らかに特定できる場合は、「摘要」欄への装着物の種類の記載を省略して差し支えない。（有床義歯製作中であって、咬合採得後における試適前又はクラスプ等を有する咬合床を用いて咬合採得を行う前に、患者が理由なく来院しなくなった場合、患者の意志により治療を中止した場合又は患者が死亡した場合）装着物の種類及び装着（又は試適）予定日及び装着できなくなった理由を記載すること。なお、「歯冠修復及び欠損補綴」欄の記載から当該装着物の種類が明らかに特定できる場合は、「摘要」欄への装着物の種類の記載を省略して差し支えない。（歯冠修復及び欠損補綴に係る歯冠形成及び印象採得後において、偶発的な事故等を原因とする外傷による歯冠形成歯の喪失等やむを得ない場合）装着物の種類及び装着（又は試適）予定日及び装着できなくなった理由を記載すること。（欠損歯数と補綴歯数が一致しないため、算定点数が異なる場合）欠損歯数と補綴歯数の不一致と記載すること。（レジンインレー、高強度硬質レジンブリッジ又は熱可塑性樹脂有床義歯等、記載欄がない歯冠修復及び欠損補綴を算定する場合）歯冠修復及び欠損補綴の「その他」欄に装着物の種類及び部位を記載すること。なお、「傷病名部位」欄の記載から対象部位が明らかに特定できる場合は、部位の記載は省略して差し支えない。（クラウン・ブリッジ維持管理料について地方厚生（支）局長へ届け出た保険医療機関以外の保険医療機関において、歯冠補綴物又はブリッジを製作し当該補綴物を装着した場合）歯冠修復及び欠損補綴の「その他」欄に診療行為名を記載すること。（歯根分割を行った歯に歯冠修復物又は欠損補綴物を装着する場合）分割抜歯を行った部位を記載すること。バアレイワオヨキサイマタトウユウコウゴウユカモチコウゴウサイトクオコナマエホテツハスウソウチャクブツシュルイオコナオコナ,未来院請求コード「01」,（「オンライン又は光ディスク等による請求に係る記録条件仕様（歯科用）」の別表12に収載するコード）未来院請求,○,
141,Ｍ000,補綴時診断料,（補綴時診断料(有床義歯修理を実施した場合に限る。)を算定する場合）当該装置に係る当該診断料の前回実施年月日（初回である場合は初診月を除き初回である旨）を記載すること。ショシンツキノゾ,850190048,"補診前回実施年月日；（元号）yy""年""mm""月""dd""日""",,
142,Ｍ000,補綴時診断料注３　歯科技工士連携加算１注４　歯科技工士連携加算２,部位を記載すること。なお、「傷病名部位」欄の記載から補綴時診断の部位が明らかに特定できる場合は、記載を省略して差し支えない。ホテツジシンダン,830100968,補綴時診断の部位；******ホテツジシンダン,,※
143,Ｍ000-2,クラウン・ブリッジ維持管理料,装着日から２年を経過するまでの間に、やむを得ず再製作する場合は、算定の理由を記載すること。ヒ,830100996,再製作による算定の理由；******サイ,,
144,Ｍ001,歯冠形成　３　窩洞形成注9　う蝕歯無痛的窩洞形成加算チュウ,部位を記載すること。なお、「傷病名部位」欄の記載から当該治療部位が明らかに特定できる場合は、「摘要」欄への記載は省略して差し支えない。,830100412,う蝕無痛（ＫＰ）部位；******,,
145,Ｍ001-2,即時充填形成注１　う蝕歯無痛的窩洞形成加算チュウ,部位を記載すること。なお、「傷病名部位」欄の記載から当該治療部位が明らかに特定できる場合は、「摘要」欄への記載は省略して差し支えない。,830100413,う蝕無痛（充形）部位；******,,
146,Ｍ001-４,補綴前処置ホテツマエショチ,実施した前処置の内容を記載すること。キサイ,820101885,レストシート,,※
147,Ｍ002,支台築造,（ファイバーポストを用いた場合）歯冠修復及び欠損補綴の「その他」欄に部位、ファイバーポストの使用本数を部位毎にそれぞれ記載すること。,830100617,ファイバーポスト部位；******,,
148,Ｍ003,印象採得,（「印象」の項に書ききれない場合）歯冠修復及び欠損補綴の「その他」欄に印象採得の名称を記載すること。キサイ,診療行為コード,（診療行為名称を表示）メイショウ,○,
149,Ｍ003,印象採得注１　歯科技工士連携加算１注２　歯科技工士連携加算２チュウシカギコウシレンケイカサンチュウシカギコウシレンケイカサン,部位を記載すること。なお、「傷病名部位」欄の記載から印象採得の部位が明らかに特定できる場合は、記載を省略して差し支えない。ブイキサイショウビョウメイブイランキサイインショウサイトクブイアキトクテイバアイキサイショウリャクサツカ,830100893,印象採得部位；******インショウサイトクブイ,,
150,M003－2,暫間歯冠補綴装置,いずれに該当するかを記載すること。,820101888,イ　テンポラリークラウン又はリテーナー,,※
151,M003－4,光学印象注３　歯科技工士連携加算１注４　歯科技工士連携加算２コウガクインショウチュウシカギコウシレンケイカサンチュウシカギコウシレンケイカサン,部位を記載すること。なお、「傷病名部位」欄の記載から印象採得の部位が明らかに特定できる場合は、記載を省略して差し支えない。ブイキサイショウビョウメイブイランキサイインショウサイトクブイアキトクテイバアイキサイショウリャクサツカ,830100894,光学印象部位；******コウガクインショウブイ,,
152,M005,装着ソウチャク,（脱離した歯冠修復物又は、脱離又は修理したブリッジを再装着した場合）歯冠修復及び欠損補綴の「その他」欄に部位を記載すること。なお、再装着する歯冠修復物が１つ又は再装着する装置が１つであって、「傷病名部位」欄の記載から再装着した部位が明らかに特定できる場合は、記載を省略して差し支えない。マタサイソウチャクソウチ,830100414,再装着部位；******サイ,,
153,Ｍ006,咬合採得コウゴウサイトク,（「咬合」の項に書ききれない場合）歯冠修復及び欠損補綴の「その他」欄に咬合採得の名称を記載すること。キサイ,診療行為コード,（診療行為名称を表示）メイショウ,○,
154,Ｍ006,咬合採得注１　歯科技工士連携加算１注２　歯科技工士連携加算２コウゴウサイトクチュウシカギコウシレンケイカサンチュウシカギコウシレンケイカサン,部位を記載すること。なお、「傷病名部位」欄の記載から咬合採得の部位が明らかに特定できる場合は、記載を省略して差し支えない。ブイキサイショウビョウメイブイランキサイコウゴウサイトクブイアキトクテイバアイキサイショウリャクサツカ,830100895,咬合採得部位；******コウゴウサイトク,,
155,Ｍ00７,仮床試適注１　歯科技工士連携加算１注２　歯科技工士連携加算２カショウシテキチュウシカギコウシレンケイカサンチュウシカギコウシレンケイカサン,部位を記載すること。なお、「傷病名部位」欄の記載から仮床試摘の部位が明らかに特定できる場合は、記載を省略して差し支えない。ブイキサイショウビョウメイブイランキサイカショウシテキブイアキトクテイバアイキサイショウリャクサツカ,830100896,仮床試適部位；******カショウシテキブイ,,
156,Ｍ009,充填,（２歯以上の充填に際し１歯に複数窩洞の充填を行った場合）当該歯の部位を記載すること。,830100415,同一歯の複数窩洞に対する充填部位；******,,
157,Ｍ010,金属歯冠修復,（後継永久歯が先天的に欠如している乳歯に対して鋳造用金銀パラジウム合金を用いた金属歯冠修復を行った場合）永久歯代行と記載すること。,820100353,永久歯代行エイキュウシダイコウ,,
158,Ｍ010-3,接着冠セッチャクカン,歯冠修復及び欠損補綴の「その他」欄に当該支台歯の部位及び接着冠を記載すること。なお、当該ブリッジが1つであって、「傷病名部位」欄の記載から接着冠の部位が明らかに特定できる場合は、記載を省略して差し支えない。,830100422,接着冠部位；******,,
159,M011,レジン前装金属冠マエソウキンゾクカン,（後継永久歯が先天的に欠如している乳歯に対してレジン前装金属冠を用いた歯冠修復を行った場合）永久歯代行と記載すること。,820100353,永久歯代行エイキュウシダイコウ,,
160,Ｍ015,非金属歯冠修復２　硬質レジンジャケット冠ヒキンゾクシカンシュウフク,（歯科用金属を原因とする金属アレルギーを有する患者の大臼歯に用いた場合）紹介元保険医療機関名を記載すること。,830100418,硬ジ紹介元保険医療機関名；******,,
161,Ｍ015-2,ＣＡＤ／ＣＡＭ冠,（後継永久歯が先天的に欠如している乳歯に対してＣＡＤ／ＣＡＭ冠を用いた歯冠修復を行った場合）永久歯代行と記載すること。カン,820100353,永久歯代行エイキュウシダイコウ,,※
162,M015-3,ＣＡＤ／ＣＡＭインレー,（後継永久歯が先天的に欠如している乳臼歯に対してＣＡＤ／ＣＡＭインレーを用いた歯冠修復を行った場合）永久歯代行と記載すること。キュウシ,820100353,永久歯代行エイキュウシダイコウ,,※
163,Ｍ016-2,小児保隙装置１　固定式保隙装置,装置の種類を選択して記載すること。,820100782,クラウンループ,,
164,Ｍ016-2,小児保隙装置２　可撤式保隙装置   ショウニ,いずれに該当するかを記載すること。,820101893,イ　両側性の乳臼歯を早期喪失した場合バアイ,,※
165,Ｍ017,ポンティック,（地方厚生（支）局長に事前に模型等を提出した上でブリッジを製作した場合）事前承認と記載すること。ジゼンショウニン,820100355,事前承認ジゼンショウニン,,
166,M017-2,高強度硬質レジンブリッジ,（歯科用金属を原因とする金属アレルギーを有する患者の臼歯部１歯中間欠損に使用する場合）紹介元保険医療機関名を記載すること。,830100618,ＨＲＢｒ紹介元保険医療機関名；******,,
167,Ｍ018,有床義歯,（残根上に義歯を装着した場合）残根上の義歯と記載すること。,820100356,残根上義歯ザンコンジョウギシ,,
168,M018-2,３次元プリント有床義歯ジゲンユウショウギシ,（残根上に義歯を装着した場合）残根上の義歯と記載すること。,820100356,残根上義歯,,※
169,Ｍ019,熱可塑性樹脂有床義歯等,（残根上に義歯を装着した場合）残根上義歯と記載すること。,820100356,残根上義歯ザンコンジョウギシ,,
170,M025,口蓋補綴、顎補綴コウガイホテツガクホテツ,「診療報酬の算定方法の一部改正に伴う実施上の留意事項について」別添２第２章第12部M025口蓋補綴、顎補綴の（１）のイからホまでに規定するものの中から該当するものを記載すること。コウガイホテツガクホテツ,820100384,イ　腫瘍、顎骨嚢胞等による顎骨切除に対する口蓋補綴装置又は顎補綴装置シュヨウトウガクコツセツジョタイコウガイホテツソウチマタガクホテツソウチ,,
171,Ｍ029,有床義歯修理,（新たに製作した有床義歯を装着した日から起算して６月以内に当該有床義歯の修理を行った場合）歯冠修復及び欠損補綴の「その他」欄に有床義歯の装着年月日を記載すること。,850100351,"有床義歯装着年月日；（元号）yy""年""mm""月""dd""日""",,
172,Ｍ029,有床義歯修理注４　歯科技工加算２チュウシカギコウカサン,（有床義歯修理において、歯科技工加算２を算定した場合）預かり日及び修理を行った当該有床義歯の装着日を記載すること。,850100353,"歯技工２（床修理）預かり年月日；（元号）yy""年""mm""月""dd""日""",,
173,Ｍ030,有床義歯内面適合法,（新たに製作した有床義歯を装着した日から起算して６月以内に当該有床義歯の有床義歯内面適合法を行った場合）歯冠修復及び欠損補綴の「その他」欄に有床義歯の装着年月日を記載すること。,850100351,"有床義歯装着年月日；（元号）yy""年""mm""月""dd""日""",,
174,Ｍ030,有床義歯内面適合法注５　歯科技工加算２,（有床義歯内面適合法において、歯科技工加算２を算定した場合）預かり日及び修理を行った当該有床義歯の装着日を記載すること。,850100355,"歯技工２（床裏装）預かり年月日；（元号）yy""年""mm""月""dd""日""",,
175,Ｍ041,広範囲顎骨支持型補綴物修理,（別の保険医療機関で装着された当該補綴物の修理を行った場合）装着を実施した保険医療機関名及び装着日（不明であれば装着時期）を記載すること。ホケン,830100430,特イ補装着保険医療機関名；******ホケン,,
176,M100,薬剤（歯冠修復及び欠損補綴）ヤクザイ,（生活歯歯冠形成を行い、区分番号M100により薬剤を算定する場合）歯冠修復及び欠損補綴の「その他」欄にその医薬品名、使用量を記載すること。セイカツハシカンケイセイオコナバンゴウ,医薬品コード,（医薬品名を表示。）,,※
177,M200,特定保険医療材料（歯冠修復及び欠損補綴）トクテイホケンイリョウザイリョウハカンムリシュウフクオヨケッソンホテツ,（区分番号M200により特定薬剤を算定する場合）歯冠修復及び欠損補綴の「その他」欄にその特定保険医療材料の総点数、名称及びセット数等を記載すること。,特定器材コード,（特定器材名を表示。）,,※
178,N,歯科矯正シカキョウセイ,歯科矯正相談料を前回算定した年月日を相談料の名称に併せて記載すること。ソウダンマエカイソウダンリョウ,850190275,"歯科矯正相談料１前回算定年月日；（元号）yy""年""mm""月""dd""日""ソウダンゼンカイ",,
179,Ｎ000,歯科矯正診断料,全体の「その他」欄に歯科矯正、動的処置、マルチブラケット法、保定の開始及び顎切除等の手術実施の区別を記載し、それぞれ最初の診断に係る記載とは別に前回歯科矯正診断料の算定年月日を記載すること。,820100785,歯科矯正開始,,
180,Ｎ001,顎口腔機能診断料,全体の「その他」欄に歯科矯正、動的処置、マルチブラケット法、保定の開始及び顎離断等の手術実施の区別（顎口腔機能診断料は顎離断等の手術を担当する連携保険医療機関名）を記載し、それぞれ最初の診断に係る記載とは別に前回顎口腔機能診断料の算定年月日を記載すること。リダン,820100785,歯科矯正開始,,
181,Ｎ002,歯科矯正管理料,全体の「その他」欄に算定年月日及び動的処置又はマルチブラケット法の開始の年月日を記載すること。,算定日情報,（算定日）サンテイビ,○,
182,Ｎ004,模型調整製　2　予測模型モケイチョウセイセイヨソクモケイ,全体の「その他」欄に予測歯数を記載すること。ヨソクハスウキサイ,842100064,模型調製（予測模型）予測歯数；******ハ,,
183,Ｎ005,動的処置,全体の「その他」欄に算定年月日及び動的処置又はマルチブラケット法の開始年月日を記載すること。,850100396,"動的処置算定年月日；（元号）yy""年""mm""月""dd""日""",,
184,Ｎ008-2,植立,（歯科矯正診断料又は顎口腔機能診断料を算定した保険医療機関からの依頼による場合）当該診断料を算定した保険医療機関名を記載すること。,830100433,歯科矯正診断料算定保険医療機関名；******シカキョウセイシンダンリョウサンテイホケンイリョウキカンメイ,,
185,Ｎ009,撤去テッキョ,（装置を撤去した場合）撤去の費用が算定できない場合であっても、全体の「その他」欄に撤去した装置の名称を記載すること。,830100435,撤去した装置の名称；******,,
186,N018,マルチブラケット装置ソウチ,（マルチブラケット装置（セクショナルアーチを行う場合を除く）を行う場合）全体の「その他」欄にステップ名及びそのステップにおける装置回数を上下顎別に記載すること。,830100767,マルチブラケット装置ステップ１（上顎）・装置数；******,,
187,N028,床装置修理ユカソウチシュウリ,（リンガルアーチにおいて、主線の前歯部分のみを再製作し、ろう着した場合）その旨を記載すること。シュセンマエバブブンサイセイサクギバアイムネキサイ,820101018,リンガルアーチ前歯部分の再製作マエバブブンサイセイサク,,
188,N100,特定保険医療材料（矯正）キョウセイ,（特定保険医療材料料において、装着材料、スクリュー、バンド、ブラケット、チューブ、矯正用線、不銹鋼、特殊鋼等を使用した場合）全体の「その他」欄に特定保険医療材料に掲げる名称を記載すること。,特定器材コード,（特定器材名を表示。）,○,
189,,長期収載品の選定療養に関する取扱い,（長期収載品について、選定療養の対象とはせずに、保険給付する場合（長期収載品について、後発医薬品への変更不可の処方箋を交付する場合を含む。））医療上必要があると認められる場合及び後発医薬品の在庫状況等を踏まえ後発医薬品を提供することが困難な場合の理由のうち該当するものを記載すること。なお、医療上の必要性については以下のとおりとする。①　長期収載品と後発医薬品で薬事上承認された効能・効果に差異がある場合であって、当該患者の疾病に対する治療において長期収載品を処方等する医療上の必要があると歯科医師が判断する場合。②　当該患者が後発医薬品を使用した際に、副作用や、他の医薬品との飲み合わせによる相互作用、先発医薬品との間で治療効果に差異があったと歯科医師が判断する場合であって、安全性の観点等から長期収載品の処方等をする医療上の必要があると判断する場合。③　学会が作成しているガイドラインにおいて、長期収載品を使用している患者について後発医薬品へ切り替えないことが推奨されており、それを踏まえ、歯科医師が長期収載品を処方等する医療上の必要があると判断する場合。④　後発品の剤形では飲みにくい、吸湿性により一包化ができないなど、剤形上の違いにより、長期収載品を処方等する医療上の必要があると判断する場合。ただし、単に剤形の好みによって長期収載品を選択することは含まれない。,820101320,長期収載品と後発医薬品で薬事上承認された効能・効果に差異があるため,,
190,,プログラム医療機器の評価療養に関する取扱いイリョウキキヒョウカリョウヨウカントリアツカ,「器評」と記載し、当該プログラム医療機器名を他の特定保険医療材料と区別して記載すること。,820000095,（器評）キヒョウ,,
191,,プログラム医療機器の選定療養に関する取扱いイリョウキキセンテイリョウヨウカントリアツカ,「器選」と記載し、当該プログラム医療機器名を他の特定保険医療材料と区別して記載すること。,820101253,（器選）ウツワセン,,
