"0","M","410004110","6","調剤基本料１","12","ﾁｮｳｻﾞｲｷﾎﾝﾘｮｳ","078","018","3","0","4700","0","000","999","0","0","0","0","5","10","2","0","0","0","0","0","1","00","0","416","421","000","000","000","000","000","000","000","000","00","00","00","0","1","0","00","0","01","0","10","0","00","00","0","1","1","0","0","20260601","99999999","1","0100000100","0000000000","0"
"0","M","410004210","6","調剤基本料２","12","ﾁｮｳｻﾞｲｷﾎﾝﾘｮｳ","079","019","3","0","3000","0","000","999","0","0","0","0","5","10","2","0","0","0","0","0","1","00","0","417","000","000","000","000","000","000","000","000","000","00","00","00","0","1","0","00","0","01","0","10","0","00","00","0","1","1","0","0","20260601","99999999","2","0100000200","0000000000","0"
"0","M","410005510","9","調剤基本料３（イ）","12","ﾁｮｳｻﾞｲｷﾎﾝﾘｮｳ","080","020","3","0","2500","0","000","999","0","0","0","0","5","10","2","0","0","0","0","0","1","00","0","425","000","000","000","000","000","000","000","000","000","00","00","00","0","1","0","00","0","01","0","10","0","00","00","0","1","1","0","0","20260601","99999999","3","0100000301","0000000000","0"
"0","M","410005610","9","調剤基本料３（ロ）","12","ﾁｮｳｻﾞｲｷﾎﾝﾘｮｳ","081","021","3","0","2000","0","000","999","0","0","0","0","5","10","2","0","0","0","0","0","1","00","0","426","000","000","000","000","000","000","000","000","000","00","00","00","0","1","0","00","0","01","0","10","0","00","00","0","1","1","0","0","20260601","99999999","4","0100000302","0000000000","0"
"0","M","410005710","9","調剤基本料３（ハ）","12","ﾁｮｳｻﾞｲｷﾎﾝﾘｮｳ","082","022","3","0","3700","0","000","999","0","0","0","0","5","10","2","0","0","0","0","0","1","00","0","431","000","000","000","000","000","000","000","000","000","00","00","00","0","1","0","00","0","01","0","10","0","00","00","0","1","1","0","0","20260601","99999999","5","0100000303","0000000000","0"
"0","M","410006310","8","特別調剤基本料Ａ","17","ﾄｸﾍﾞﾂﾁｮｳｻﾞｲｷﾎﾝﾘｮｳ","174","023","3","0","500","0","000","999","0","0","0","0","5","10","2","0","0","0","0","0","1","78","0","438","000","000","000","000","000","000","000","000","000","00","00","00","0","1","0","00","0","01","0","10","0","00","00","0","1","7","0","0","20260601","99999999","6","0100000400","0000000000","0"
"0","M","410006410","8","特別調剤基本料Ｂ","17","ﾄｸﾍﾞﾂﾁｮｳｻﾞｲｷﾎﾝﾘｮｳ","175","024","3","0","300","0","000","999","0","0","0","0","5","10","2","0","0","0","0","0","1","79","0","000","000","000","000","000","000","000","000","000","000","83","00","00","0","1","0","00","0","01","0","0","0","00","00","0","1","7","0","0","20260601","99999999","7","0100000500","0000000000","0"
"0","M","460000980","16","調剤基本料減算（１００分の８０）","17","ﾁｮｳｻﾞｲｷﾎﾝﾘｮｳｹﾞﾝｻﾝ","024","025","6","0","8000","0","000","999","0","0","0","1","0","12","2","0","0","0","0","0","5","56","0","000","000","000","000","000","000","000","000","000","000","00","00","00","0","0","0","00","0","01","0","10","0","00","00","0","7","7","0","0","20260601","99999999","8","0100000600","0000000000","0"
"0","M","460000180","16","調剤基本料減算（１００分の５０）","17","ﾁｮｳｻﾞｲｷﾎﾝﾘｮｳｹﾞﾝｻﾝ","091","026","6","0","5000","0","000","999","0","0","0","1","0","12","2","0","0","0","0","0","5","50","0","000","000","000","000","000","000","000","000","000","000","00","00","00","0","0","0","00","0","01","0","10","0","00","00","0","7","7","0","0","20260601","99999999","9","0100000700","0000000000","0"
"0","M","460001080","24","調剤基本料減算（１００分の８０・１００分の５０）","17","ﾁｮｳｻﾞｲｷﾎﾝﾘｮｳｹﾞﾝｻﾝ","090","137","6","0","4000","0","000","999","0","0","0","1","0","12","2","0","0","0","0","0","5","57","0","000","000","000","000","000","000","000","000","000","000","00","00","00","0","0","0","00","0","01","0","10","0","00","00","0","3","3","0","0","20260601","99999999","10","0100000800","0000000000","0"
"0","M","450004070","17","地域支援・医薬品供給対応体制加算１","19","ﾁｲｷｼｴﾝｲﾔｸﾋﾝｷｮｳｷｭｳﾀｲ","109","025","3","0","2700","0","000","999","0","0","0","0","4","11","2","0","0","0","0","0","5","00","0","442","000","000","000","000","000","000","000","000","000","01","00","00","0","0","0","00","0","01","0","10","1","00","00","0","7","7","0","0","20260601","99999999","11","0100000901","0000000000","0"
"0","M","450005070","27","地域支援・医薬品供給対応体制加算１（特別調剤基本料Ａ）","19","ﾁｲｷｼｴﾝｲﾔｸﾋﾝｷｮｳｷｭｳﾀｲ","000","000","3","0","300","0","000","999","0","0","0","0","4","11","2","0","0","0","0","0","5","00","0","442","000","000","000","000","000","438","000","000","000","01","00","00","0","0","0","00","0","01","0","10","1","00","00","0","7","7","0","0","20260601","99999999","12","0100000902","0000000000","0"
"0","M","450004970","17","地域支援・医薬品供給対応体制加算２","19","ﾁｲｷｼｴﾝｲﾔｸﾋﾝｷｮｳｷｭｳﾀｲ","110","028","3","0","5900","0","000","999","0","0","0","0","4","11","2","0","0","0","0","0","5","00","0","443","000","000","000","000","000","000","000","000","000","01","00","00","0","0","0","00","0","01","0","10","1","00","00","0","7","7","0","0","20260601","99999999","13","0100001000","0000000000","0"
"0","M","450004670","17","地域支援・医薬品供給対応体制加算３","19","ﾁｲｷｼｴﾝｲﾔｸﾋﾝｷｮｳｷｭｳﾀｲ","111","027","3","0","6700","0","000","999","0","0","0","0","4","11","2","0","0","0","0","0","5","00","0","444","000","000","000","000","000","000","000","000","000","01","00","00","0","0","0","00","0","01","0","10","1","00","00","0","7","7","0","0","20260601","99999999","14","0100001100","0000000000","0"
"0","M","450004570","17","地域支援・医薬品供給対応体制加算４","19","ﾁｲｷｼｴﾝｲﾔｸﾋﾝｷｮｳｷｭｳﾀｲ","112","026","3","0","3700","0","000","999","0","0","0","0","4","11","2","0","0","0","0","0","5","00","0","445","000","000","000","000","000","000","000","000","000","01","00","00","0","0","0","00","0","01","0","10","1","00","00","0","7","7","0","0","20260601","99999999","15","0100001201","0000000000","0"
"0","M","450004370","27","地域支援・医薬品供給対応体制加算４（特別調剤基本料Ａ）","19","ﾁｲｷｼｴﾝｲﾔｸﾋﾝｷｮｳｷｭｳﾀｲ","236","030","3","0","400","0","000","999","0","0","0","0","4","11","2","0","0","0","0","0","5","00","0","445","000","000","000","000","000","438","000","000","000","01","00","00","0","0","0","00","0","01","0","10","1","00","00","0","7","7","0","0","20260601","99999999","16","0100001202","0000000000","0"
"0","M","450004870","17","地域支援・医薬品供給対応体制加算５","19","ﾁｲｷｼｴﾝｲﾔｸﾋﾝｷｮｳｷｭｳﾀｲ","233","029","3","0","5900","0","000","999","0","0","0","0","4","11","2","0","0","0","0","0","5","00","0","446","000","000","000","000","000","000","000","000","000","01","00","00","0","0","0","00","0","01","0","10","1","00","00","0","7","7","0","0","20260601","99999999","17","0100001301","0000000000","0"
"0","M","450004470","27","地域支援・医薬品供給対応体制加算５（特別調剤基本料Ａ）","19","ﾁｲｷｼｴﾝｲﾔｸﾋﾝｷｮｳｷｭｳﾀｲ","235","033","3","0","600","0","000","999","0","0","0","0","4","11","2","0","0","0","0","0","5","00","0","446","000","000","000","000","000","438","000","000","000","01","00","00","0","0","0","00","0","01","0","10","1","00","00","0","7","7","0","0","20260601","99999999","18","0100001302","0000000000","0"
"0","M","450004170","12","バイオ後続品調剤体制加算","20","ﾊﾞｲｵｺｳｿﾞｸﾋﾝﾁｮｳｻﾞｲﾀｲｾ","234","032","3","0","5000","0","000","999","0","0","0","0","4","11","2","0","0","0","0","0","5","00","0","447","000","000","000","000","000","000","000","000","000","03","00","00","0","0","0","00","0","01","0","10","3","00","00","0","7","7","0","0","20260601","99999999","19","0100001401","0000000000","0"
"0","M","450004270","22","バイオ後続品調剤体制加算（特別調剤基本料Ａ）","20","ﾊﾞｲｵｺｳｿﾞｸﾋﾝﾁｮｳｻﾞｲﾀｲｾ","237","044","3","0","500","0","000","999","0","0","0","0","4","11","2","0","0","0","0","0","5","00","0","447","000","000","000","000","000","438","000","000","000","03","00","00","0","0","0","00","0","01","0","10","3","00","00","0","7","7","0","0","20260601","99999999","20","0100001402","0000000000","0"
"0","M","410003370","6","連携強化加算","11","ﾚﾝｹｲｷｮｳｶｶｻﾝ","113","031","3","0","500","0","000","999","0","0","0","0","4","11","2","0","0","0","0","0","5","00","0","435","000","000","000","000","000","000","000","000","000","78","00","00","0","0","0","00","0","01","0","10","2","00","00","0","7","7","0","0","20260601","99999999","21","0100001500","0000000000","0"
"0","M","410002570","25","調剤基本料（１４日超投薬）（２回目以降の分割調剤）","12","ﾁｮｳｻﾞｲｷﾎﾝﾘｮｳ","000","000","3","0","500","0","000","999","0","0","0","0","5","10","2","0","0","0","0","0","1","12","0","000","000","000","000","000","000","000","000","000","000","00","00","00","0","1","0","00","0","00","0","10","0","00","00","0","1","7","0","0","20260601","99999999","22","0100001600","0000000000","0"
"0","M","460001180","16","調剤基本料減算（後発医薬品減算）","17","ﾁｮｳｻﾞｲｷﾎﾝﾘｮｳｹﾞﾝｻﾝ","025","040","9","0","500","0","000","999","0","0","0","1","0","12","2","0","0","0","0","0","5","58","0","000","000","000","000","000","000","000","000","000","000","00","00","00","0","0","0","00","0","01","0","10","0","00","00","0","7","7","0","0","20260601","99999999","23","0100001600","0000000000","0"
"0","M","410002670","22","調剤基本料（後発医薬品）（２回目の分割調剤）","12","ﾁｮｳｻﾞｲｷﾎﾝﾘｮｳ","000","000","3","0","500","0","000","999","0","0","0","0","5","10","2","0","0","0","0","0","1","17","0","000","000","000","000","000","000","000","000","000","000","00","00","00","0","1","0","00","0","00","0","10","0","00","00","0","1","7","0","0","20260601","99999999","24","0100001700","0000000000","0"
"0","M","460000880","15","調剤基本料減算（分割回数減算）","17","ﾁｮｳｻﾞｲｷﾎﾝﾘｮｳｹﾞﾝｻﾝ","000","000","7","0","000","0","000","999","0","0","0","9","0","42","0","0","0","0","0","0","6","53","0","000","000","000","000","000","000","000","000","000","000","00","00","00","0","0","0","00","0","00","0","0","0","00","00","0","7","7","0","0","20260601","99999999","25","0100001900","0000000000","0"
"0","M","450002870","11","在宅薬学総合体制加算１","20","ｻﾞｲﾀｸﾔｸｶﾞｸｿｳｺﾞｳﾀｲｾｲｶ","176","041","3","0","3000","0","000","999","0","0","0","0","4","11","2","0","0","0","0","0","5","81","0","408","440","000","000","000","000","000","000","000","000","75","00","00","0","0","0","00","0","01","0","10","4","00","00","0","7","7","0","0","20260601","99999999","26","0100001901","0000000000","0"
"0","M","450002970","21","在宅薬学総合体制加算１（特別調剤基本料Ａ）","20","ｻﾞｲﾀｸﾔｸｶﾞｸｿｳｺﾞｳﾀｲｾｲｶ","178","043","3","0","300","0","000","999","0","0","0","0","4","11","2","0","0","0","0","0","5","81","0","408","440","000","000","000","000","438","000","000","000","75","00","00","0","0","0","00","0","01","0","10","4","00","00","0","7","7","0","0","20260601","99999999","27","0100001902","0000000000","0"
"0","M","450003570","14","在宅薬学総合体制加算２（イ）","20","ｻﾞｲﾀｸﾔｸｶﾞｸｿｳｺﾞｳﾀｲｾｲｶ","177","034","3","0","10000","0","000","999","0","0","0","0","4","11","2","0","0","0","0","0","5","81","0","440","000","000","000","000","000","000","000","000","000","75","00","00","0","0","0","00","0","01","0","10","4","00","00","0","7","7","0","0","20260601","99999999","28","0100002001","0000000000","0"
"0","M","450003770","24","在宅薬学総合体制加算２（イ）（特別調剤基本料Ａ）","20","ｻﾞｲﾀｸﾔｸｶﾞｸｿｳｺﾞｳﾀｲｾｲｶ","238","036","3","0","1000","0","000","999","0","0","0","0","4","11","2","0","0","0","0","0","5","81","0","440","000","000","000","000","000","438","000","000","000","75","00","00","0","0","0","00","0","01","0","10","4","00","00","0","7","7","0","0","20260601","99999999","29","0100002002","0000000000","0"
"0","M","450003670","14","在宅薬学総合体制加算２（ロ）","20","ｻﾞｲﾀｸﾔｸｶﾞｸｿｳｺﾞｳﾀｲｾｲｶ","211","035","3","0","5000","0","000","999","0","0","0","0","4","11","2","0","0","0","0","0","5","81","0","440","000","000","000","000","000","000","000","000","000","75","00","00","0","0","0","00","0","01","0","10","4","00","00","0","7","7","0","0","20260601","99999999","30","0100002101","0000000000","0"
"0","M","450003870","24","在宅薬学総合体制加算２（ロ）（特別調剤基本料Ａ）","20","ｻﾞｲﾀｸﾔｸｶﾞｸｿｳｺﾞｳﾀｲｾｲｶ","212","037","3","0","500","0","000","999","0","0","0","0","4","11","2","0","0","0","0","0","5","81","0","440","000","000","000","000","000","438","000","000","000","75","00","00","0","0","0","00","0","01","0","10","4","00","00","0","7","7","0","0","20260601","99999999","31","0100002102","0000000000","0"
"0","M","450003970","15","電子的調剤情報連携体制整備加算","20","ﾃﾞﾝｼﾃｷﾁｮｳｻﾞｲｼﾞｮｳﾎｳﾚﾝ","180","038","3","0","800","0","000","999","0","0","0","0","4","11","2","0","0","0","0","0","5","00","0","441","000","000","000","000","000","000","000","000","000","77","00","00","0","0","0","01","0","01","0","10","7","00","00","0","7","7","0","0","20260601","99999999","32","0100002300","0000000000","0"
"0","M","460001280","11","門前薬局等立地依存減算","20","ﾓﾝｾﾞﾝﾔｯｷｮｸｼﾞｮｳﾎｳﾚﾝｹｲ","213","040","9","0","1500","0","000","999","0","0","0","1","0","12","2","0","0","0","0","0","5","86","0","000","000","000","000","000","000","000","000","000","000","00","00","00","0","0","0","00","0","01","0","10","8","00","00","0","7","7","0","0","20260601","99999999","33","0100002300","0000000000","0"
"0","M","410006610","29","算出後３点未満（特別調剤基本料Ａ・１００分の８０（５０））","14","ｻﾝｼｭﾂｺﾞｻﾝﾃﾝﾐﾏﾝ","119","039","3","0","300","0","000","999","0","0","0","0","0","10","2","0","0","0","0","0","1","72","0","000","000","000","000","000","000","000","000","000","000","00","00","00","0","0","0","00","0","01","0","10","0","00","00","0","3","3","0","0","20260601","99999999","34","0100002401","0000000000","0"
"0","M","410006710","30","算出後３点未満（調基１・１００分の８０（５０）・後減・門前）","14","ｻﾝｼｭﾂｺﾞｻﾝﾃﾝﾐﾏﾝ","119","039","3","0","300","0","000","999","0","0","0","0","0","10","2","0","0","0","0","0","1","72","0","000","000","000","000","000","000","000","000","000","000","00","00","00","0","0","0","00","0","01","0","10","0","00","00","0","3","3","0","0","20260601","99999999","35","0100002402","0000000000","0"
"0","M","410006810","23","算出後３点未満（調基２・１００分の５０・門前）","14","ｻﾝｼｭﾂｺﾞｻﾝﾃﾝﾐﾏﾝ","119","039","3","0","300","0","000","999","0","0","0","0","0","10","2","0","0","0","0","0","1","72","0","000","000","000","000","000","000","000","000","000","000","00","00","00","0","0","0","00","0","01","0","10","0","00","00","0","3","3","0","0","20260601","99999999","36","0100002403","0000000000","0"
"0","M","410006910","27","算出後３点未満（調基２・１００分の８０（５０）・門前）","14","ｻﾝｼｭﾂｺﾞｻﾝﾃﾝﾐﾏﾝ","119","039","3","0","300","0","000","999","0","0","0","0","0","10","2","0","0","0","0","0","1","72","0","000","000","000","000","000","000","000","000","000","000","00","00","00","0","0","0","00","0","01","0","10","0","00","00","0","3","3","0","0","20260601","99999999","37","0100002404","0000000000","0"
"0","M","410007010","26","算出後３点未満（調基２・１００分の５０・後減・門前）","14","ｻﾝｼｭﾂｺﾞｻﾝﾃﾝﾐﾏﾝ","119","039","3","0","300","0","000","999","0","0","0","0","0","10","2","0","0","0","0","0","1","72","0","000","000","000","000","000","000","000","000","000","000","00","00","00","0","0","0","00","0","01","0","10","0","00","00","0","3","3","0","0","20260601","99999999","38","0100002405","0000000000","0"
"0","M","410007110","30","算出後３点未満（調基２・１００分の８０（５０）・後減・門前）","14","ｻﾝｼｭﾂｺﾞｻﾝﾃﾝﾐﾏﾝ","119","039","3","0","300","0","000","999","0","0","0","0","0","10","2","0","0","0","0","0","1","72","0","000","000","000","000","000","000","000","000","000","000","00","00","00","0","0","0","00","0","01","0","10","0","00","00","0","3","3","0","0","20260601","99999999","39","0100002406","0000000000","0"
"0","M","410007210","26","算出後３点未満（調基３（イ）・１００分の５０・門前）","14","ｻﾝｼｭﾂｺﾞｻﾝﾃﾝﾐﾏﾝ","119","039","3","0","300","0","000","999","0","0","0","0","0","10","2","0","0","0","0","0","1","72","0","000","000","000","000","000","000","000","000","000","000","00","00","00","0","0","0","00","0","01","0","10","0","00","00","0","3","3","0","0","20260601","99999999","40","0100002407","0000000000","0"
"0","M","410007310","30","算出後３点未満（調基３（イ）・１００分の８０（５０）・門前）","14","ｻﾝｼｭﾂｺﾞｻﾝﾃﾝﾐﾏﾝ","119","039","3","0","300","0","000","999","0","0","0","0","0","10","2","0","0","0","0","0","1","72","0","000","000","000","000","000","000","000","000","000","000","00","00","00","0","0","0","00","0","01","0","10","0","00","00","0","3","3","0","0","20260601","99999999","41","0100002408","0000000000","0"
"0","M","410007410","29","算出後３点未満（調基３（イ）・１００分の８０・後減・門前）","14","ｻﾝｼｭﾂｺﾞｻﾝﾃﾝﾐﾏﾝ","119","039","3","0","300","0","000","999","0","0","0","0","0","10","2","0","0","0","0","0","1","72","0","000","000","000","000","000","000","000","000","000","000","00","00","00","0","0","0","00","0","01","0","10","0","00","00","0","3","3","0","0","20260601","99999999","42","0100002409","0000000000","0"
"0","M","410007510","29","算出後３点未満（調基３（イ）・１００分の５０・後減・門前）","14","ｻﾝｼｭﾂｺﾞｻﾝﾃﾝﾐﾏﾝ","119","039","3","0","300","0","000","999","0","0","0","0","0","10","2","0","0","0","0","0","1","72","0","000","000","000","000","000","000","000","000","000","000","00","00","00","0","0","0","00","0","01","0","10","0","00","00","0","3","3","0","0","20260601","99999999","43","0100002410","0000000000","0"
"0","M","410007610","32","算出後３点未満（調基３（イ）・１００分の８０（５０）後減・門前）","14","ｻﾝｼｭﾂｺﾞｻﾝﾃﾝﾐﾏﾝ","119","039","3","0","300","0","000","999","0","0","0","0","0","10","2","0","0","0","0","0","1","72","0","000","000","000","000","000","000","000","000","000","000","00","00","00","0","0","0","00","0","01","0","10","0","00","00","0","3","3","0","0","20260601","99999999","44","0100002411","0000000000","0"
"0","M","410007710","21","算出後３点未満（調基３（ロ）・後減・門前）","14","ｻﾝｼｭﾂｺﾞｻﾝﾃﾝﾐﾏﾝ","119","039","3","0","300","0","000","999","0","0","0","0","0","10","2","0","0","0","0","0","1","72","0","000","000","000","000","000","000","000","000","000","000","00","00","00","0","0","0","00","0","01","0","10","0","00","00","0","3","3","0","0","20260601","99999999","45","0100002412","0000000000","0"
"0","M","410007810","26","算出後３点未満（調基３（ロ）・１００分の８０・門前）","14","ｻﾝｼｭﾂｺﾞｻﾝﾃﾝﾐﾏﾝ","119","039","3","0","300","0","000","999","0","0","0","0","0","10","2","0","0","0","0","0","1","72","0","000","000","000","000","000","000","000","000","000","000","00","00","00","0","0","0","00","0","01","0","10","0","00","00","0","3","3","0","0","20260601","99999999","46","0100002413","0000000000","0"
"0","M","410007910","26","算出後３点未満（調基３（ロ）・１００分の５０・門前）","14","ｻﾝｼｭﾂｺﾞｻﾝﾃﾝﾐﾏﾝ","119","039","3","0","300","0","000","999","0","0","0","0","0","10","2","0","0","0","0","0","1","72","0","000","000","000","000","000","000","000","000","000","000","00","00","00","0","0","0","00","0","01","0","10","0","00","00","0","3","3","0","0","20260601","99999999","47","0100002414","0000000000","0"
"0","M","410008010","30","算出後３点未満（調基３（ロ）・１００分の８０（５０）・門前）","14","ｻﾝｼｭﾂｺﾞｻﾝﾃﾝﾐﾏﾝ","119","039","3","0","300","0","000","999","0","0","0","0","0","10","2","0","0","0","0","0","1","72","0","000","000","000","000","000","000","000","000","000","000","00","00","00","0","0","0","00","0","01","0","10","0","00","00","0","3","3","0","0","20260601","99999999","48","0100002415","0000000000","0"
"0","M","410008110","29","算出後３点未満（調基３（ロ）・１００分の８０・後減・門前）","14","ｻﾝｼｭﾂｺﾞｻﾝﾃﾝﾐﾏﾝ","119","039","3","0","300","0","000","999","0","0","0","0","0","10","2","0","0","0","0","0","1","72","0","000","000","000","000","000","000","000","000","000","000","00","00","00","0","0","0","00","0","01","0","10","0","00","00","0","3","3","0","0","20260601","99999999","49","0100002416","0000000000","0"
"0","M","410008210","29","算出後３点未満（調基３（ロ）・１００分の５０・後減・門前）","14","ｻﾝｼｭﾂｺﾞｻﾝﾃﾝﾐﾏﾝ","119","039","3","0","300","0","000","999","0","0","0","0","0","10","2","0","0","0","0","0","1","72","0","000","000","000","000","000","000","000","000","000","000","00","00","00","0","0","0","00","0","01","0","10","0","00","00","0","3","3","0","0","20260601","99999999","50","0100002417","0000000000","0"
"0","M","410008310","32","算出後３点未満（調基３（ロ）・１００分の８０（５０）後減・門前）","14","ｻﾝｼｭﾂｺﾞｻﾝﾃﾝﾐﾏﾝ","119","039","3","0","300","0","000","999","0","0","0","0","0","10","2","0","0","0","0","0","1","72","0","000","000","000","000","000","000","000","000","000","000","00","00","00","0","0","0","00","0","01","0","10","0","00","00","0","3","3","0","0","20260601","99999999","51","0100002418","0000000000","0"
"0","M","410008410","30","算出後３点未満（調基３（ハ）・１００分の８０（５０）・門前）","14","ｻﾝｼｭﾂｺﾞｻﾝﾃﾝﾐﾏﾝ","119","039","3","0","300","0","000","999","0","0","0","0","0","10","2","0","0","0","0","0","1","72","0","000","000","000","000","000","000","000","000","000","000","00","00","00","0","0","0","00","0","01","0","10","0","00","00","0","3","3","0","0","20260601","99999999","52","0100002419","0000000000","0"
"0","M","410008510","29","算出後３点未満（調基３（ハ）・１００分の５０・後減・門前）","14","ｻﾝｼｭﾂｺﾞｻﾝﾃﾝﾐﾏﾝ","119","039","3","0","300","0","000","999","0","0","0","0","0","10","2","0","0","0","0","0","1","72","0","000","000","000","000","000","000","000","000","000","000","00","00","00","0","0","0","00","0","01","0","10","0","00","00","0","3","3","0","0","20260601","99999999","53","0100002420","0000000000","0"
"0","M","410008610","32","算出後３点未満（調基３（ハ）・１００分の８０（５０）後減・門前）","14","ｻﾝｼｭﾂｺﾞｻﾝﾃﾝﾐﾏﾝ","119","039","3","0","300","0","000","999","0","0","0","0","0","10","2","0","0","0","0","0","1","72","0","000","000","000","000","000","000","000","000","000","000","00","00","00","0","0","0","00","0","01","0","10","0","00","00","0","3","3","0","0","20260601","99999999","54","0100002421","0000000000","0"
"0","M","410005910","20","算出後３点未満（特別調剤基本料Ａ・後減）","14","ｻﾝｼｭﾂｺﾞｻﾝﾃﾝﾐﾏﾝ","000","000","3","0","300","0","000","999","0","0","0","0","0","10","2","0","0","0","0","0","1","72","0","000","000","000","000","000","000","000","000","000","000","00","00","00","0","0","0","00","0","01","0","10","0","00","00","0","3","3","0","0","20260601","99999999","55","0100002422","0000000000","0"
"0","M","410006010","28","算出後３点未満（特別調剤基本料Ａ・１００分の８０・後減）","14","ｻﾝｼｭﾂｺﾞｻﾝﾃﾝﾐﾏﾝ","119","039","3","0","300","0","000","999","0","0","0","0","0","10","2","0","0","0","0","0","1","72","0","000","000","000","000","000","000","000","000","000","000","00","00","00","0","0","0","00","0","01","0","10","0","00","00","0","3","3","0","0","20260601","99999999","56","0100002423","0000000000","0"
"0","M","410006110","28","算出後３点未満（特別調剤基本料Ａ・１００分の５０・後減）","14","ｻﾝｼｭﾂｺﾞｻﾝﾃﾝﾐﾏﾝ","119","039","3","0","300","0","000","999","0","0","0","0","0","10","2","0","0","0","0","0","1","72","0","000","000","000","000","000","000","000","000","000","000","00","00","00","0","0","0","00","0","01","0","10","0","00","00","0","3","3","0","0","20260601","99999999","57","0100002424","0000000000","0"
"0","M","410006210","32","算出後３点未満（特別調剤基本料Ａ・１００分の８０（５０）・後減）","14","ｻﾝｼｭﾂｺﾞｻﾝﾃﾝﾐﾏﾝ","119","039","3","0","300","0","000","999","0","0","0","0","0","10","2","0","0","0","0","0","1","72","0","000","000","000","000","000","000","000","000","000","000","00","00","00","0","0","0","00","0","01","0","10","0","00","00","0","3","3","0","0","20260601","99999999","58","0100002425","0000000000","0"
"0","M","450001670","15","リフィル処方１回目（最大２回）","12","ﾘﾌｨﾙｼｮﾎｳ1ｶｲﾒ","120","047","3","0","000","0","000","999","0","0","0","0","0","11","0","0","0","0","0","0","5","73","0","000","000","000","000","000","000","000","000","000","000","00","00","00","0","8","0","00","0","00","0","0","0","00","00","0","7","7","0","0","20260601","99999999","59","0100002501","0000000000","0"
"0","M","450001770","15","リフィル処方２回目（最大２回）","12","ﾘﾌｨﾙｼｮﾎｳ2ｶｲﾒ","121","048","3","0","000","0","000","999","0","0","0","0","0","11","0","0","0","0","0","0","5","73","0","000","000","000","000","000","000","000","000","000","000","00","00","00","0","8","0","00","0","00","0","0","0","00","00","0","7","7","0","0","20260601","99999999","60","0100002502","0000000000","0"
"0","M","450001870","15","リフィル処方１回目（最大３回）","12","ﾘﾌｨﾙｼｮﾎｳ1ｶｲﾒ","122","049","3","0","000","0","000","999","0","0","0","0","0","11","0","0","0","0","0","0","5","73","0","000","000","000","000","000","000","000","000","000","000","00","00","00","0","8","0","00","0","00","0","0","0","00","00","0","7","7","0","0","20260601","99999999","61","0100002503","0000000000","0"
"0","M","450001970","15","リフィル処方２回目（最大３回）","12","ﾘﾌｨﾙｼｮﾎｳ2ｶｲﾒ","123","050","3","0","000","0","000","999","0","0","0","0","0","11","0","0","0","0","0","0","5","73","0","000","000","000","000","000","000","000","000","000","000","00","00","00","0","8","0","00","0","00","0","0","0","00","00","0","7","7","0","0","20260601","99999999","62","0100002504","0000000000","0"
"0","M","450002070","15","リフィル処方３回目（最大３回）","12","ﾘﾌｨﾙｼｮﾎｳ3ｶｲﾒ","124","051","3","0","000","0","000","999","0","0","0","0","0","11","0","0","0","0","0","0","5","73","0","000","000","000","000","000","000","000","000","000","000","00","00","00","0","8","0","00","0","00","0","0","0","00","00","0","7","7","0","0","20260601","99999999","63","0100002505","0000000000","0"
"0","M","420001810","8","内服薬薬剤調製料","19","ﾅｲﾌｸﾔｸﾔｸｻﾞｲﾁｮｳｾｲﾘｮｳ","000","000","3","0","2400","0","000","999","0","0","0","0","4","20","2","0","0","0","0","0","2","06","0","000","000","000","000","000","000","000","000","000","000","00","00","00","0","1","1","00","0","03","0","100","0","00","00","0","1","1","0","0","20260601","99999999","64","0101000100","0000000000","0"
"0","M","430003570","12","計量混合調剤加算（液剤）","19","ｹｲﾘｮｳｺﾝｺﾞｳﾁｮｳｻﾞｲｶｻﾝ","021","015","3","0","3500","0","000","999","0","0","0","0","4","21","2","0","0","0","0","0","3","02","0","000","000","000","000","000","000","000","000","000","000","00","00","35","0","0","1","00","0","00","0","100","4","00","00","0","7","7","0","0","20260601","99999999","65","0101000101","0000000000","0"
"0","M","430004070","16","計量混合調剤加算、予製剤（液剤）","19","ｹｲﾘｮｳｺﾝｺﾞｳﾁｮｳｻﾞｲｶｻﾝ","020","016","3","0","700","0","000","999","0","0","0","0","4","21","2","0","0","0","0","0","3","02","0","000","000","000","000","000","000","000","000","000","000","00","00","36","0","0","1","00","0","00","0","100","4","00","00","0","7","7","0","0","20260601","99999999","66","0101000102","0000000000","0"
"0","M","430002870","17","計量混合調剤加算（散剤又は顆粒剤）","19","ｹｲﾘｮｳｺﾝｺﾞｳﾁｮｳｻﾞｲｶｻﾝ","021","015","3","0","4500","0","000","999","0","0","0","0","4","21","2","0","0","0","0","0","3","02","0","000","000","000","000","000","000","000","000","000","000","00","00","35","0","0","1","00","0","00","0","100","4","00","00","0","7","7","0","0","20260601","99999999","67","0101000103","0000000000","0"
"0","M","430002970","21","計量混合調剤加算、予製剤（散剤又は顆粒剤）","19","ｹｲﾘｮｳｺﾝｺﾞｳﾁｮｳｻﾞｲｶｻﾝ","020","016","3","0","900","0","000","999","0","0","0","0","4","21","2","0","0","0","0","0","3","02","0","000","000","000","000","000","000","000","000","000","000","00","00","36","0","0","1","00","0","00","0","100","4","00","00","0","7","7","0","0","20260601","99999999","68","0101000104","0000000000","0"
"0","M","430003670","15","計量混合調剤加算（軟・硬膏剤）","19","ｹｲﾘｮｳｺﾝｺﾞｳﾁｮｳｻﾞｲｶｻﾝ","021","015","3","0","8000","0","000","999","0","0","0","0","4","21","2","0","0","0","0","0","3","02","0","000","000","000","000","000","000","000","000","000","000","00","00","35","0","0","5","00","0","00","0","100","4","00","00","0","7","7","0","0","20260601","99999999","69","0101000105","0000000000","0"
"0","M","430004170","19","計量混合調剤加算、予製剤（軟・硬膏剤）","19","ｹｲﾘｮｳｺﾝｺﾞｳﾁｮｳｻﾞｲｶｻﾝ","020","016","3","0","1600","0","000","999","0","0","0","0","4","21","2","0","0","0","0","0","3","02","0","000","000","000","000","000","000","000","000","000","000","00","00","36","0","0","5","00","0","00","0","100","4","00","00","0","7","7","0","0","20260601","99999999","70","0101000106","0000000000","0"
"0","M","420000210","8","屯服薬薬剤調製料","20","ﾄﾝﾌﾟｸﾔｸﾔｸｻﾞｲﾁｮｳｾｲﾘｮｳ","000","000","3","0","2100","0","000","999","0","0","0","0","4","20","2","0","0","0","0","0","2","00","0","000","000","000","000","000","000","000","000","000","000","00","00","00","0","1","3","00","0","01","0","100","0","00","00","0","1","1","0","0","20260601","99999999","71","0101000200","0000000000","0"
"0","M","420001110","8","浸煎薬薬剤調製料","19","ｼﾝｾﾝﾔｸﾔｸｻﾞｲﾁｮｳｾｲﾘｮｳ","000","000","3","0","19000","0","000","999","0","0","0","0","4","20","2","0","0","0","0","0","2","13","0","000","000","000","000","000","000","000","000","000","000","00","00","00","0","1","6","00","0","03","0","100","0","00","00","0","1","1","0","0","20260601","99999999","72","0101000300","0000000000","0"
"0","M","420001210","17","湯薬薬剤調製料（７日分以下の場合）","17","ﾄｳﾔｸﾔｸｻﾞｲﾁｮｳｾｲﾘｮｳ","000","000","3","1","19000","0","001","007","0","0","0","0","4","20","2","0","0","0","0","0","2","14","0","000","000","000","000","000","000","000","000","000","000","00","00","00","0","1","7","00","0","03","0","100","0","00","00","0","1","1","0","0","20260601","99999999","73","0101000401","0000000000","0"
"0","M","420001410","23","湯薬薬剤調製料（８日分以上２８日分以下の場合）","17","ﾄｳﾔｸﾔｸｻﾞｲﾁｮｳｾｲﾘｮｳ","000","000","3","1","20000","1","008","028","1","1000","0","0","4","20","2","0","0","0","0","0","2","14","0","000","000","000","000","000","000","000","000","000","000","00","00","00","0","1","7","00","0","03","0","100","0","00","00","0","1","1","0","0","20260601","99999999","74","0101000402","0000000000","0"
"0","M","420001510","18","湯薬薬剤調製料（２９日分以上の場合）","17","ﾄｳﾔｸﾔｸｻﾞｲﾁｮｳｾｲﾘｮｳ","000","000","3","1","40000","0","029","999","0","0","0","0","4","20","2","0","0","0","0","0","2","14","0","000","000","000","000","000","000","000","000","000","000","00","00","00","0","1","7","00","0","03","0","100","0","00","00","0","1","1","0","0","20260601","99999999","75","0101000403","0000000000","0"
"0","M","420000310","8","注射薬薬剤調製料","20","ﾁｭｳｼｬﾔｸﾔｸｻﾞｲﾁｮｳｾｲﾘｮｳ","000","000","3","0","2600","0","000","999","0","0","0","0","4","20","2","0","0","0","0","0","2","00","0","000","000","000","000","000","000","000","000","000","000","00","00","00","0","1","4","00","0","01","0","100","0","00","00","0","1","1","0","0","20260601","99999999","76","0101000500","0000000000","0"
"0","M","420000410","8","外用薬薬剤調製料","20","ｶﾞｲﾖｳﾔｸﾔｸｻﾞｲﾁｮｳｾｲﾘｮｳ","000","000","3","0","1000","0","000","999","0","0","0","0","4","20","2","0","0","0","0","0","2","00","0","000","000","000","000","000","000","000","000","000","000","00","00","00","0","1","5","00","0","03","0","100","0","00","00","0","1","1","0","0","20260601","99999999","77","0101000600","0000000000","0"
"0","M","420000570","15","内服薬薬剤調製料（内服用滴剤）","19","ﾅｲﾌｸﾔｸﾔｸｻﾞｲﾁｮｳｾｲﾘｮｳ","000","000","3","0","1000","0","000","999","0","0","0","0","4","20","2","0","0","0","0","0","2","00","0","000","000","000","000","000","000","000","000","000","000","00","00","00","0","1","2","00","0","00","0","100","0","00","00","0","1","7","0","0","20260601","99999999","78","0101000700","0000000000","0"
"0","M","430000170","20","無菌製剤処理加算（中心静脈栄養法用輸液）","14","ﾑｷﾝｾｲｻﾞｲｼｮﾘｶｻﾝ","010","017","8","0","6900","0","000","999","0","0","0","0","4","21","2","0","0","0","0","0","3","04","0","401","000","000","000","000","000","000","000","000","000","00","00","00","0","0","4","00","0","00","0","100","1","06","00","0","7","7","0","0","20260601","99999999","79","0101000801","0000000000","0"
"0","M","430004370","16","無菌製剤処理加算（抗悪性腫瘍剤）","14","ﾑｷﾝｾｲｻﾞｲｼｮﾘｶｻﾝ","010","017","8","0","7900","0","000","999","0","0","0","0","4","21","2","0","0","0","0","0","3","04","0","401","000","000","000","000","000","000","000","000","000","00","00","00","0","0","4","00","0","00","0","100","1","06","00","0","7","7","0","0","20260601","99999999","80","0101000802","0000000000","0"
"0","M","430004970","12","無菌製剤処理加算（麻薬）","14","ﾑｷﾝｾｲｻﾞｲｼｮﾘｶｻﾝ","010","017","8","0","6900","0","000","999","0","0","0","0","4","21","2","0","0","0","0","0","3","04","0","401","000","000","000","000","000","000","000","000","000","00","00","00","1","0","4","00","0","00","0","100","1","06","00","0","7","7","0","0","20260601","99999999","81","0101000803","0000000000","0"
"0","M","430005070","26","無菌製剤処理加算（中心静脈栄養法用輸液・１５歳未満）","14","ﾑｷﾝｾｲｻﾞｲｼｮﾘｶｻﾝ","000","000","8","0","23700","0","000","999","0","0","0","0","4","21","2","0","0","0","0","0","3","04","1","401","000","000","000","000","000","000","000","000","000","00","00","00","0","0","4","00","0","00","0","100","1","00","15","0","7","7","0","0","20260601","99999999","82","0101000804","0000000000","0"
"0","M","430005170","22","無菌製剤処理加算（抗悪性腫瘍剤・１５歳未満）","14","ﾑｷﾝｾｲｻﾞｲｼｮﾘｶｻﾝ","010","017","8","0","14700","0","000","999","0","0","0","0","4","21","2","0","0","0","0","0","3","04","1","401","000","000","000","000","000","000","000","000","000","00","00","00","0","0","4","00","0","00","0","100","1","00","15","0","7","7","0","0","20260601","99999999","83","0101000805","0000000000","0"
"0","M","430005270","18","無菌製剤処理加算（麻薬・１５歳未満）","14","ﾑｷﾝｾｲｻﾞｲｼｮﾘｶｻﾝ","010","017","8","0","13700","0","000","999","0","0","0","0","4","21","2","0","0","0","0","0","3","04","1","401","000","000","000","000","000","000","000","000","000","00","00","00","1","0","4","00","0","00","0","100","1","00","15","0","7","7","0","0","20260601","99999999","84","0101000806","0000000000","0"
"0","M","430000270","4","麻薬加算","6","ﾏﾔｸｶｻﾝ","011","001","3","0","7000","0","000","999","0","0","0","0","4","21","2","0","0","0","0","0","3","00","0","000","000","000","000","000","000","000","000","000","000","00","00","00","1","0","0","00","0","00","0","100","2","00","00","0","7","7","0","0","20260601","99999999","85","0101000901","0000000000","0"
"0","M","430000370","6","向精神薬加算","11","ｺｳｾｲｼﾝﾔｸｶｻﾝ","012","002","3","0","800","0","000","999","0","0","0","0","4","21","2","0","0","0","0","0","3","00","0","000","000","000","000","000","000","000","000","000","000","00","00","00","5","0","0","00","0","00","0","100","2","00","00","0","7","7","0","0","20260601","99999999","86","0101000902","0000000000","0"
"0","M","430000470","7","覚醒剤原料加算","16","ｶｸｾｲｻﾞｲｹﾞﾝﾘｮｳｶｻﾝ","013","003","3","0","800","0","000","999","0","0","0","0","4","21","2","0","0","0","0","0","3","00","0","000","000","000","000","000","000","000","000","000","000","00","00","00","3","0","0","00","0","00","0","100","2","00","00","0","7","7","0","0","20260601","99999999","87","0101000903","0000000000","0"
"0","M","430000570","4","毒薬加算","8","ﾄﾞｸﾔｸｶｻﾝ","014","004","3","0","800","0","000","999","0","0","0","0","4","21","2","0","0","0","0","0","3","00","0","000","000","000","000","000","000","000","000","000","000","00","00","00","2","0","0","00","0","00","0","100","2","00","00","0","7","7","0","0","20260601","99999999","88","0101000904","0000000000","0"
"0","M","430000670","12","時間外加算（薬剤調製料）","10","ｼﾞｶﾝｶﾞｲｶｻﾝ","099","005","5","0","10000","0","000","999","0","0","0","0","4","21","2","0","0","0","0","0","3","00","0","000","000","000","000","000","000","000","000","000","000","00","40","00","0","1","0","00","0","00","0","100","3","00","00","0","7","7","0","0","20260601","99999999","89","0101001001","0000000000","0"
"0","M","430000770","11","休日加算（薬剤調製料）","9","ｷｭｳｼﾞﾂｶｻﾝ","100","006","5","0","14000","0","000","999","0","0","0","0","4","21","2","0","0","0","0","0","3","00","0","000","000","000","000","000","000","000","000","000","000","00","41","00","0","3","0","00","0","00","0","100","3","00","00","0","7","7","0","0","20260601","99999999","90","0101001002","0000000000","0"
"0","M","430000870","11","深夜加算（薬剤調製料）","6","ｼﾝﾔｶｻﾝ","101","059","5","0","20000","0","000","999","0","0","0","0","4","21","2","0","0","0","0","0","3","00","0","000","000","000","000","000","000","000","000","000","000","00","42","00","0","4","0","00","0","00","0","100","3","00","00","0","7","7","0","0","20260601","99999999","91","0101001003","0000000000","0"
"0","M","430000970","15","時間外加算の特例（薬剤調製料）","14","ｼﾞｶﾝｶﾞｲｶｻﾝﾄｸﾚｲ","102","008","5","0","10000","0","000","999","0","0","0","0","4","21","2","0","0","0","0","0","3","00","0","000","000","000","000","000","000","000","000","000","000","00","43","00","0","5","0","00","0","00","0","100","3","00","00","0","7","7","0","0","20260601","99999999","92","0101001004","0000000000","0"
"0","M","450000470","12","時間外加算（調剤基本料）","10","ｼﾞｶﾝｶﾞｲｶｻﾝ","015","052","5","0","10000","0","000","999","0","0","0","0","4","11","2","0","0","0","0","0","5","00","0","000","000","000","000","000","000","000","000","000","000","00","45","00","0","1","0","00","0","00","0","10","6","00","00","0","7","7","0","0","20260601","99999999","93","0101001005","0000000000","0"
"0","M","450000570","11","休日加算（調剤基本料）","9","ｷｭｳｼﾞﾂｶｻﾝ","017","053","5","0","14000","0","000","999","0","0","0","0","4","11","2","0","0","0","0","0","5","00","0","000","000","000","000","000","000","000","000","000","000","00","47","00","0","3","0","00","0","00","0","10","6","00","00","0","7","7","0","0","20260601","99999999","94","0101001006","0000000000","0"
"0","M","450000670","11","深夜加算（調剤基本料）","6","ｼﾝﾔｶｻﾝ","018","054","5","0","20000","0","000","999","0","0","0","0","4","11","2","0","0","0","0","0","5","00","0","000","000","000","000","000","000","000","000","000","000","00","48","00","0","4","0","00","0","00","0","10","6","00","00","0","7","7","0","0","20260601","99999999","95","0101001007","0000000000","0"
"0","M","450000770","15","時間外加算の特例（調剤基本料）","14","ｼﾞｶﾝｶﾞｲｶｻﾝﾄｸﾚｲ","016","055","5","0","10000","0","000","999","0","0","0","0","4","11","2","0","0","0","0","0","5","00","0","000","000","000","000","000","000","000","000","000","000","00","46","00","0","5","0","00","0","00","0","10","6","00","00","0","7","7","0","0","20260601","99999999","96","0101001008","0000000000","0"
"0","M","450000870","8","夜間・休日等加算","14","ﾔｶﾝｷｭｳｼﾞﾂﾄｳｶｻﾝ","040","056","3","0","4000","0","000","999","0","0","0","0","4","11","0","0","0","0","0","0","5","00","0","000","000","000","000","000","000","000","000","000","000","00","49","00","0","6","0","00","0","01","0","10","6","00","00","0","7","7","0","0","20260601","99999999","97","0101001100","0000000000","0"
"0","M","430004570","15","自家製剤加算、内服薬（錠剤等）","17","ｼﾞｶｾｲｻﾞｲｶｻﾝﾅｲﾌｸﾔｸ","019","013","3","1","2000","1","007","999","7","2000","0","0","4","21","2","0","0","0","0","0","3","03","0","000","000","000","000","000","000","000","000","000","000","00","00","23","0","0","1","00","0","00","0","100","4","00","00","0","7","7","0","0","20260601","99999999","98","0101001201","0000000000","0"
"0","M","420000670","18","自家製剤加算、予製剤、内服（錠剤等）","20","ｼﾞｶｾｲｻﾞｲｶｻﾝﾖｾｲｻﾞｲﾅｲﾌ","020","016","3","1","400","1","007","999","7","400","0","0","4","21","2","0","0","0","0","0","3","03","0","000","000","000","000","000","000","000","000","000","000","00","00","00","0","0","1","00","0","00","0","100","4","00","00","0","7","7","0","0","20260601","99999999","99","0101001202","0000000000","0"
"0","M","420000770","17","自家製剤加算、分割、内服（錠剤等）","20","ｼﾞｶｾｲｻﾞｲｶｻﾝﾌﾞﾝｶﾂﾅｲﾌｸ","107","014","3","1","400","1","007","999","7","400","0","0","4","21","2","0","0","0","0","0","3","03","0","000","000","000","000","000","000","000","000","000","000","00","00","24","0","0","1","00","0","00","0","100","4","00","00","0","7","7","0","0","20260601","99999999","100","0101001203","0000000000","0"
"0","M","430001070","15","自家製剤加算、屯服薬（錠剤等）","18","ｼﾞｶｾｲｻﾞｲｶｻﾝﾄﾝﾌﾟｸﾔｸ","019","013","3","0","9000","0","000","999","0","0","0","0","4","21","2","0","0","0","0","0","3","03","0","000","000","000","000","000","000","000","000","000","000","00","00","00","0","0","3","00","0","00","0","100","4","00","00","0","7","7","0","0","20260601","99999999","101","0101001204","0000000000","0"
"0","M","420001270","18","自家製剤加算、予製剤、屯服（錠剤等）","20","ｼﾞｶｾｲｻﾞｲｶｻﾝﾖｾｲｻﾞｲﾄﾝﾌ","020","016","3","0","1800","0","000","999","0","0","0","0","4","21","2","0","0","0","0","0","3","03","0","000","000","000","000","000","000","000","000","000","000","00","00","00","0","0","3","00","0","00","0","100","4","00","00","0","7","7","0","0","20260601","99999999","102","0101001205","0000000000","0"
"0","M","420001370","17","自家製剤加算、分割、屯服（錠剤等）","20","ｼﾞｶｾｲｻﾞｲｶｻﾝﾌﾞﾝｶﾂｶﾄﾝﾌ","107","014","3","0","1800","0","000","999","0","0","0","0","4","21","2","0","0","0","0","0","3","03","0","000","000","000","000","000","000","000","000","000","000","00","00","24","0","0","3","00","0","00","0","100","4","00","00","0","7","7","0","0","20260601","99999999","103","0101001206","0000000000","0"
"0","M","430001270","16","自家製剤加算、内服・屯服（液剤）","20","ｼﾞｶｾｲｻﾞｲｶｻﾝﾅｲﾌｸﾄﾝﾌﾟｸ","019","013","3","0","4500","0","000","999","0","0","0","0","4","21","2","0","0","0","0","0","3","03","0","000","000","000","000","000","000","000","000","000","000","00","00","23","0","0","1","00","0","00","0","100","4","00","00","0","7","7","0","0","20260601","99999999","104","0101001207","0000000000","0"
"0","M","420001470","20","自家製剤加算、予製剤、内服・屯服（液剤）","20","ｼﾞｶｾｲｻﾞｲｶｻﾝﾖｾｲｻﾞｲﾅｲﾌ","020","016","3","0","900","0","000","999","0","0","0","0","4","21","2","0","0","0","0","0","3","03","0","000","000","000","000","000","000","000","000","000","000","00","00","00","0","0","1","00","0","00","0","100","4","00","00","0","7","7","0","0","20260601","99999999","105","0101001208","0000000000","0"
"0","M","430001670","15","自家製剤加算、外用薬（錠剤等）","18","ｼﾞｶｾｲｻﾞｲｶｻﾝｶﾞｲﾖｳﾔｸ","019","013","3","0","9000","0","000","999","0","0","0","0","4","21","2","0","0","0","0","0","3","03","0","000","000","000","000","000","000","000","000","000","000","00","00","00","0","0","5","00","0","00","0","100","4","00","00","0","7","7","0","0","20260601","99999999","106","0101001209","0000000000","0"
"0","M","420000970","19","自家製剤加算、予製剤、外用薬（錠剤等）","20","ｼﾞｶｾｲｻﾞｲｶｻﾝﾖｾｲｻﾞｲｶﾞｲ","020","016","3","0","1800","0","000","999","0","0","0","0","4","21","2","0","0","0","0","0","3","03","0","000","000","000","000","000","000","000","000","000","000","00","00","00","0","0","5","00","0","00","0","100","4","00","00","0","7","7","0","0","20260601","99999999","107","0101001210","0000000000","0"
"0","M","420001070","18","自家製剤加算、分割、外用薬（錠剤等）","20","ｼﾞｶｾｲｻﾞｲｶｻﾝﾌﾞﾝｶﾂｶﾞｲﾖ","107","014","3","0","1800","0","000","999","0","0","0","0","4","21","2","0","0","0","0","0","3","03","0","000","000","000","000","000","000","000","000","000","000","00","00","00","0","0","5","00","0","00","0","100","4","00","00","0","7","7","0","0","20260601","99999999","108","0101001211","0000000000","0"
"0","M","430001770","16","自家製剤加算、外用薬（点眼剤等）","18","ｼﾞｶｾｲｻﾞｲｶｻﾝｶﾞｲﾖｳﾔｸ","019","013","3","0","7500","0","000","999","0","0","0","0","4","21","2","0","0","0","0","0","3","03","0","000","000","000","000","000","000","000","000","000","000","00","00","00","0","0","5","00","0","00","0","100","4","00","00","0","7","7","0","0","20260601","99999999","109","0101001212","0000000000","0"
"0","M","420001170","20","自家製剤加算、予製剤、外用薬（点眼剤等）","20","ｼﾞｶｾｲｻﾞｲｶｻﾝﾖｾｲｻﾞｲｶﾞｲ","020","016","3","0","1500","0","000","999","0","0","0","0","4","21","2","0","0","0","0","0","3","03","0","000","000","000","000","000","000","000","000","000","000","00","00","00","0","0","5","00","0","00","0","100","4","00","00","0","7","7","0","0","20260601","99999999","110","0101001213","0000000000","0"
"0","M","430001870","14","自家製剤加算、外用薬（液剤）","18","ｼﾞｶｾｲｻﾞｲｶｻﾝｶﾞｲﾖｳﾔｸ","019","013","3","0","4500","0","000","999","0","0","0","0","4","21","2","0","0","0","0","0","3","03","0","000","000","000","000","000","000","000","000","000","000","00","00","00","0","0","5","00","0","00","0","100","4","00","00","0","7","7","0","0","20260601","99999999","111","0101001214","0000000000","0"
"0","M","420000870","18","自家製剤加算、予製剤、外用薬（液剤）","20","ｼﾞｶｾｲｻﾞｲｶｻﾝﾖｾｲｻﾞｲｶﾞｲ","020","016","3","0","900","0","000","999","0","0","0","0","4","21","2","0","0","0","0","0","3","03","0","000","000","000","000","000","000","000","000","000","000","00","00","00","0","0","5","00","0","00","0","100","4","00","00","0","7","7","0","0","20260601","99999999","112","0101001215","0000000000","0"
"5","M","440023210","25","調剤管理料１（イ・長期処方（２８日分以上）の場合）","12","ﾁｮｳｻﾞｲｶﾝﾘﾘｮｳ","000","000","3","1","6000","0","028","999","0","0","0","0","4","43","2","0","0","0","0","0","4","65","0","000","000","000","000","000","000","000","000","000","000","08","00","00","0","1","1","00","0","03","0","600","0","00","00","0","1","1","0","0","20260601","99999999","113","0210020101","0000000000","0"
"5","M","440023410","32","調剤管理料１（イ・長期処方（２８日分以上）の場合・在宅基幹薬局）","12","ﾁｮｳｻﾞｲｶﾝﾘﾘｮｳ","239","080","3","0","6000","0","028","999","0","0","0","0","4","43","2","0","0","0","0","0","4","68","0","000","000","000","000","000","000","000","000","000","000","08","00","00","0","1","1","00","0","03","0","600","0","00","00","1","1","1","0","0","20260601","99999999","114","0210020102","0000000000","0"
"5","M","440023110","16","調剤管理料１（ロ・イ以外の場合）","12","ﾁｮｳｻﾞｲｶﾝﾘﾘｮｳ","000","000","3","1","1000","0","001","027","0","0","0","0","4","43","2","0","0","0","0","0","4","65","0","000","000","000","000","000","000","000","000","000","000","08","00","00","0","1","1","00","0","03","0","600","0","00","00","0","1","1","0","0","20260601","99999999","115","0210020201","0000000000","0"
"5","M","440023310","23","調剤管理料１（ロ・イ以外の場合・在宅基幹薬局）","12","ﾁｮｳｻﾞｲｶﾝﾘﾘｮｳ","239","080","3","0","1000","0","001","027","0","0","0","0","4","43","2","0","0","0","0","0","4","68","0","000","000","000","000","000","000","000","000","000","000","08","00","00","0","1","1","00","0","03","0","600","0","00","00","1","1","1","0","0","20260601","99999999","116","0210020202","0000000000","0"
"0","M","440011910","14","調剤管理料２（１以外の場合）","12","ﾁｮｳｻﾞｲｶﾝﾘﾘｮｳ","000","000","3","0","1000","0","000","999","0","0","0","0","4","43","2","0","0","0","0","0","4","66","0","000","000","000","000","000","000","000","000","000","000","12","00","00","0","1","0","00","0","03","0","600","0","00","00","0","1","1","0","0","20260601","99999999","117","0210020301","0000000000","0"
"0","M","440015610","21","調剤管理料２（１以外の場合・在宅基幹薬局）","12","ﾁｮｳｻﾞｲｶﾝﾘﾘｮｳ","239","080","3","0","1000","0","000","999","0","0","0","0","4","43","2","0","0","0","0","0","4","69","0","000","000","000","000","000","000","000","000","000","000","12","00","00","0","1","0","00","0","03","0","600","0","00","00","1","1","1","0","0","20260601","99999999","118","0210020302","0000000000","0"
"0","M","440023570","10","調剤時残薬調整加算イ","20","ﾁｮｳｻﾞｲｼﾞｻﾞﾝﾔｸﾁｮｳｾｲｶｻ","214","061","3","0","5000","0","000","999","0","0","0","0","4","44","2","0","0","0","0","0","4","74","0","000","000","000","000","000","000","000","000","000","000","13","00","00","0","0","0","00","0","01","0","600","1","00","00","0","7","7","0","0","20260601","99999999","119","0210020401","0000000000","0"
"0","M","440023670","10","調剤時残薬調整加算ロ","20","ﾁｮｳｻﾞｲｼﾞｻﾞﾝﾔｸﾁｮｳｾｲｶｻ","214","061","3","0","5000","0","000","999","0","0","0","0","4","44","2","0","0","0","0","0","4","74","0","000","000","000","000","000","000","000","000","000","000","13","00","00","0","0","0","00","0","01","0","600","1","00","00","0","7","7","0","0","20260601","99999999","120","0210020402","0000000000","0"
"0","M","440023770","10","調剤時残薬調整加算ハ","20","ﾁｮｳｻﾞｲｼﾞｻﾞﾝﾔｸﾁｮｳｾｲｶｻ","214","061","3","0","5000","0","000","999","0","0","0","0","4","44","2","0","0","0","0","0","4","74","0","000","000","000","000","000","000","000","000","000","000","13","00","00","0","0","0","00","0","01","0","600","1","00","00","0","7","7","0","0","20260601","99999999","121","0210020403","0000000000","0"
"0","M","440023870","10","調剤時残薬調整加算ニ","20","ﾁｮｳｻﾞｲｼﾞｻﾞﾝﾔｸﾁｮｳｾｲｶｻ","214","061","3","0","3000","0","000","999","0","0","0","0","4","44","2","0","0","0","0","0","4","74","0","000","000","000","000","000","000","000","000","000","000","13","00","00","0","0","0","00","0","01","0","600","1","00","00","0","7","7","0","0","20260601","99999999","122","0210020404","0000000000","0"
"0","M","440023970","18","調剤時残薬調整加算イ（在宅基幹薬局）","20","ﾁｮｳｻﾞｲｼﾞｻﾞﾝﾔｸﾁｮｳｾｲｶｻ","214","061","3","0","5000","0","000","999","0","0","0","0","4","44","2","0","0","0","0","0","4","75","0","000","000","000","000","000","000","000","000","000","000","13","00","00","0","0","0","00","0","01","0","600","1","00","00","0","7","7","0","0","20260601","99999999","123","0210020405","0000000000","0"
"0","M","440024070","18","調剤時残薬調整加算ロ（在宅基幹薬局）","20","ﾁｮｳｻﾞｲｼﾞｻﾞﾝﾔｸﾁｮｳｾｲｶｻ","214","061","3","0","5000","0","000","999","0","0","0","0","4","44","2","0","0","0","0","0","4","75","0","000","000","000","000","000","000","000","000","000","000","13","00","00","0","0","0","00","0","01","0","600","1","00","00","0","7","7","0","0","20260601","99999999","124","0210020406","0000000000","0"
"0","M","440024370","13","薬学的有害事象等防止加算イ","20","ﾔｸｶﾞｸﾃｷﾕｳｶﾞｲｼﾞｼｮｳﾄｳﾎ","215","062","3","0","5000","0","000","999","0","0","0","0","4","44","2","0","0","0","0","0","4","74","0","000","000","000","000","000","000","000","000","000","000","19","00","00","0","0","0","00","0","01","0","600","2","00","00","0","7","7","0","0","20260601","99999999","125","0210020501","0000000000","0"
"0","M","440024470","13","薬学的有害事象等防止加算ロ","20","ﾔｸｶﾞｸﾃｷﾕｳｶﾞｲｼﾞｼｮｳﾄｳﾎ","215","062","3","0","5000","0","000","999","0","0","0","0","4","44","2","0","0","0","0","0","4","74","0","000","000","000","000","000","000","000","000","000","000","19","00","00","0","0","0","00","0","01","0","600","2","00","00","0","7","7","0","0","20260601","99999999","126","0210020502","0000000000","0"
"0","M","440024570","13","薬学的有害事象等防止加算ハ","20","ﾔｸｶﾞｸﾃｷﾕｳｶﾞｲｼﾞｼｮｳﾄｳﾎ","215","062","3","0","5000","0","000","999","0","0","0","0","4","44","2","0","0","0","0","0","4","74","0","000","000","000","000","000","000","000","000","000","000","19","00","00","0","0","0","00","0","01","0","600","2","00","00","0","7","7","0","0","20260601","99999999","127","0210020503","0000000000","0"
"0","M","440024670","13","薬学的有害事象等防止加算ニ","20","ﾔｸｶﾞｸﾃｷﾕｳｶﾞｲｼﾞｼｮｳﾄｳﾎ","215","062","3","0","3000","0","000","999","0","0","0","0","4","44","2","0","0","0","0","0","4","74","0","000","000","000","000","000","000","000","000","000","000","19","00","00","0","0","0","00","0","01","0","600","2","00","00","0","7","7","0","0","20260601","99999999","128","0210020504","0000000000","0"
"0","M","440024770","21","薬学的有害事象等防止加算イ（在宅基幹薬局）","20","ﾔｸｶﾞｸﾃｷﾕｳｶﾞｲｼﾞｼｮｳﾄｳﾎ","215","062","3","0","5000","0","000","999","0","0","0","0","4","44","2","0","0","0","0","0","4","75","0","000","000","000","000","000","000","000","000","000","000","19","00","00","0","0","0","00","0","01","0","600","2","00","00","0","7","7","0","0","20260601","99999999","129","0210020505","0000000000","0"
"0","M","440024870","21","薬学的有害事象等防止加算ロ（在宅基幹薬局）","20","ﾔｸｶﾞｸﾃｷﾕｳｶﾞｲｼﾞｼｮｳﾄｳﾎ","215","062","3","0","5000","0","000","999","0","0","0","0","4","44","2","0","0","0","0","0","4","75","0","000","000","000","000","000","000","000","000","000","000","19","00","00","0","0","0","00","0","01","0","600","2","00","00","0","7","7","0","0","20260601","99999999","130","0210020506","0000000000","0"
"0","M","440014170","12","時間外加算（調剤管理料）","10","ｼﾞｶﾝｶﾞｲｶｻﾝ","103","057","5","0","10000","0","000","999","0","0","0","0","4","44","2","0","0","0","0","0","4","67","0","000","000","000","000","000","000","000","000","000","000","00","00","00","0","1","0","00","0","00","0","600","4","00","00","0","7","7","0","0","20260601","99999999","131","0210020601","0000000000","0"
"0","M","440014370","11","休日加算（調剤管理料）","9","ｷｭｳｼﾞﾂｶｻﾝ","104","058","5","0","14000","0","000","999","0","0","0","0","4","44","2","0","0","0","0","0","4","67","0","000","000","000","000","000","000","000","000","000","000","00","00","00","0","3","0","00","0","00","0","600","4","00","00","0","7","7","0","0","20260601","99999999","132","0210020602","0000000000","0"
"0","M","440014670","11","深夜加算（調剤管理料）","6","ｼﾝﾔｶｻﾝ","105","011","5","0","20000","0","000","999","0","0","0","0","4","44","2","0","0","0","0","0","4","67","0","000","000","000","000","000","000","000","000","000","000","00","00","00","0","4","0","00","0","00","0","600","4","00","00","0","7","7","0","0","20260601","99999999","133","0210020603","0000000000","0"
"0","M","440014470","15","時間外加算の特例（調剤管理料）","14","ｼﾞｶﾝｶﾞｲｶｻﾝﾄｸﾚｲ","106","060","5","0","10000","0","000","999","0","0","0","0","4","44","2","0","0","0","0","0","4","67","0","000","000","000","000","000","000","000","000","000","000","00","00","00","0","5","0","00","0","00","0","600","4","00","00","0","7","7","0","0","20260601","99999999","134","0210020604","0000000000","0"
"0","M","440014770","19","時間外加算（調剤管理料・在宅基幹薬局）","10","ｼﾞｶﾝｶﾞｲｶｻﾝ","103","057","5","0","10000","0","000","999","0","0","0","0","4","44","2","0","0","0","0","0","4","70","0","000","000","000","000","000","000","000","000","000","000","00","00","00","0","1","0","00","0","00","0","600","4","00","00","1","7","7","0","0","20260601","99999999","135","0210020605","0000000000","0"
"0","M","440014970","18","休日加算（調剤管理料・在宅基幹薬局）","9","ｷｭｳｼﾞﾂｶｻﾝ","104","058","5","0","14000","0","000","999","0","0","0","0","4","44","2","0","0","0","0","0","4","70","0","000","000","000","000","000","000","000","000","000","000","00","00","00","0","3","0","00","0","00","0","600","4","00","00","1","7","7","0","0","20260601","99999999","136","0210020606","0000000000","0"
"0","M","440015070","18","深夜加算（調剤管理料・在宅基幹薬局）","6","ｼﾝﾔｶｻﾝ","105","011","5","0","20000","0","000","999","0","0","0","0","4","44","2","0","0","0","0","0","4","70","0","000","000","000","000","000","000","000","000","000","000","00","00","00","0","4","0","00","0","00","0","600","4","00","00","1","7","7","0","0","20260601","99999999","137","0210020607","0000000000","0"
"0","M","440014870","22","時間外加算の特例（調剤管理料・在宅基幹薬局）","14","ｼﾞｶﾝｶﾞｲｶｻﾝﾄｸﾚｲ","106","060","5","0","10000","0","000","999","0","0","0","0","4","44","2","0","0","0","0","0","4","70","0","000","000","000","000","000","000","000","000","000","000","00","00","00","0","5","0","00","0","00","0","600","4","00","00","1","7","7","0","0","20260601","99999999","138","0210020608","0000000000","0"
"0","M","440025110","27","服薬管理指導料１（イ）（かかりつけ・３月内・手帳あり）","14","ﾌｸﾔｸｶﾝﾘｼﾄﾞｳﾘｮｳ","216","063","3","0","4500","0","000","999","0","0","0","0","4","30","2","0","0","0","0","0","4","18","0","448","000","000","000","000","000","000","000","000","000","22","09","00","0","0","0","00","0","01","0","200","0","00","00","0","1","1","0","0","20260601","99999999","139","0210030101","0000000000","0"
"0","M","440025310","25","服薬管理指導料１（ロ）（イ以外・３月内・手帳あり）","14","ﾌｸﾔｸｶﾝﾘｼﾄﾞｳﾘｮｳ","217","064","3","0","4500","0","000","999","0","0","0","0","4","30","2","0","0","0","0","0","4","18","0","000","000","000","000","000","000","000","000","000","000","22","10","00","0","0","0","00","0","01","0","200","0","00","00","0","1","1","0","0","20260601","99999999","140","0210030102","0000000000","0"
"0","M","440012210","24","服薬管理指導料２（イ）（かかりつけ・３月内以外）","14","ﾌｸﾔｸｶﾝﾘｼﾄﾞｳﾘｮｳ","218","065","3","0","5900","0","000","999","0","0","0","0","4","30","2","0","0","0","0","0","4","18","0","448","000","000","000","000","000","000","000","000","000","22","09","00","0","0","0","00","0","01","0","200","0","00","00","0","1","1","0","0","20260601","99999999","141","0210030201","0000000000","0"
"0","M","440026810","22","服薬管理指導料２（ロ）（イ以外・３月内以外）","14","ﾌｸﾔｸｶﾝﾘｼﾄﾞｳﾘｮｳ","220","067","3","0","5900","0","000","999","0","0","0","0","4","30","2","0","0","0","0","0","4","18","0","000","000","000","000","000","000","000","000","000","000","22","10","00","0","0","0","00","0","01","0","200","0","00","00","0","1","1","0","0","20260601","99999999","142","0210030202","0000000000","0"
"0","M","440012310","15","服薬管理指導料３（特養等訪問）","14","ﾌｸﾔｸｶﾝﾘｼﾄﾞｳﾘｮｳ","045","082","3","0","4500","0","000","999","0","0","0","0","4","30","2","0","0","0","0","0","4","18","0","000","000","000","000","000","000","000","000","000","000","22","11","00","0","0","0","04","0","01","0","200","0","00","00","0","1","1","0","0","20260601","99999999","143","0210030301","0000000000","0"
"0","M","440012410","26","服薬管理指導料４（イ）（３月内・手帳あり・通信機器）","14","ﾌｸﾔｸｶﾝﾘｼﾄﾞｳﾘｮｳ","223","068","3","0","4500","0","000","999","0","0","0","0","4","30","2","0","0","0","0","0","4","18","0","000","000","000","000","000","000","000","000","000","000","22","12","00","0","0","0","00","0","01","0","200","0","00","00","0","1","1","0","0","20260601","99999999","146","0210030401","0000000000","0"
"0","M","440026210","20","服薬管理指導料４（ロ）（在宅・通信機器）","14","ﾌｸﾔｸｶﾝﾘｼﾄﾞｳﾘｮｳ","224","069","3","0","5900","0","000","999","0","0","0","0","4","30","2","0","0","0","0","0","4","18","0","000","000","000","000","000","000","000","000","000","000","22","14","00","0","0","0","00","0","01","0","200","0","00","00","1","1","1","0","0","20260601","99999999","147","0210030402","0000000000","0"
"0","M","440025810","22","服薬管理指導料４（ハ）（在宅緊急・通信機器）","14","ﾌｸﾔｸｶﾝﾘｼﾄﾞｳﾘｮｳ","225","070","3","0","5900","0","000","999","0","0","0","0","4","30","2","0","0","0","0","0","4","18","0","000","000","000","000","000","000","000","000","000","000","23","13","00","0","0","0","00","0","01","0","200","0","00","00","1","1","1","0","0","20260601","99999999","148","0210030403","0000000000","0"
"0","M","440012510","26","服薬管理指導料４（ニ）（３月内・手帳なし・通信機器）","14","ﾌｸﾔｸｶﾝﾘｼﾄﾞｳﾘｮｳ","226","071","3","0","5900","0","000","999","0","0","0","0","4","30","2","0","0","0","0","0","4","18","0","000","000","000","000","000","000","000","000","000","000","22","12","00","0","0","0","00","0","01","0","200","0","00","00","0","1","1","0","0","20260601","99999999","149","0210030404","0000000000","0"
"0","M","440012610","23","服薬管理指導料４（ニ）（３月内以外・通信機器）","14","ﾌｸﾔｸｶﾝﾘｼﾄﾞｳﾘｮｳ","241","082","3","0","5900","0","000","999","0","0","0","0","4","30","2","0","0","0","0","0","4","18","0","000","000","000","000","000","000","000","000","000","000","22","12","00","0","0","0","00","0","01","0","200","0","00","00","0","1","1","0","0","20260601","99999999","150","0210030405","0000000000","0"
"0","M","440025210","27","服薬管理指導料２（イ）（かかりつけ・３月内・手帳なし）","14","ﾌｸﾔｸｶﾝﾘｼﾄﾞｳﾘｮｳ","219","066","3","0","5900","0","000","999","0","0","0","0","4","30","2","0","0","0","0","0","4","18","0","448","000","000","000","000","000","000","000","000","000","22","09","00","0","0","0","00","0","01","0","200","0","00","00","0","1","1","0","0","20260601","99999999","151","0210030501","0000000000","0"
"0","M","440025410","25","服薬管理指導料２（ロ）（イ以外・３月内・手帳なし）","14","ﾌｸﾔｸｶﾝﾘｼﾄﾞｳﾘｮｳ","240","081","3","0","5900","0","000","999","0","0","0","0","4","30","2","0","0","0","0","0","4","18","0","000","000","000","000","000","000","000","000","000","000","22","10","00","0","0","0","00","0","01","0","200","0","00","00","0","1","1","0","0","20260601","99999999","152","0210030502","0000000000","0"
"0","M","440011970","17","麻薬管理指導加算（服薬管理指導料）","13","ﾏﾔｸｶﾝﾘｼﾄﾞｳｶｻﾝ","011","001","3","0","2200","0","000","999","0","0","0","0","4","31","2","0","0","0","0","0","4","19","0","000","000","000","000","000","000","000","000","000","000","00","44","00","1","0","0","00","0","01","0","200","1","00","00","0","7","7","0","0","20260601","99999999","153","0210030600","0000000000","0"
"0","M","440020270","23","特定薬剤管理指導加算１（イ）（服薬管理指導料）","19","ﾄｸﾃｲﾔｸｻﾞｲｶﾝﾘｼﾄﾞｳｶｻﾝ","181","085","3","0","1000","0","000","999","0","0","0","0","4","31","2","0","0","0","0","0","4","27","0","000","000","000","000","000","000","000","000","000","000","00","03","00","0","0","0","00","0","01","0","200","2","00","00","0","7","7","0","0","20260601","99999999","154","0210030701","0000000000","0"
"0","M","440020370","23","特定薬剤管理指導加算１（ロ）（服薬管理指導料）","19","ﾄｸﾃｲﾔｸｻﾞｲｶﾝﾘｼﾄﾞｳｶｻﾝ","182","086","3","0","500","0","000","999","0","0","0","0","4","31","2","0","0","0","0","0","4","27","0","000","000","000","000","000","000","000","000","000","000","00","03","00","0","0","0","00","0","01","0","200","2","00","00","0","7","7","0","0","20260601","99999999","155","0210030702","0000000000","0"
"0","M","440012170","20","特定薬剤管理指導加算２（服薬管理指導料）","19","ﾄｸﾃｲﾔｸｻﾞｲｶﾝﾘｼﾄﾞｳｶｻﾝ","183","087","3","0","10000","0","000","999","0","0","0","0","4","31","2","0","0","0","0","0","4","59","0","430","000","000","000","000","000","000","000","000","000","46","51","00","0","0","0","01","0","00","0","200","4","00","00","0","7","7","0","0","20260601","99999999","156","0210030800","0000000000","0"
"0","M","440020470","23","特定薬剤管理指導加算３（イ）（服薬管理指導料）","19","ﾄｸﾃｲﾔｸｻﾞｲｶﾝﾘｼﾄﾞｳｶｻﾝ","184","088","3","0","500","0","000","999","0","0","0","0","4","31","2","0","0","0","0","0","4","59","0","000","000","000","000","000","000","000","000","000","000","00","50","00","0","0","0","00","0","01","0","200","5","00","00","0","7","7","0","0","20260601","99999999","157","0210030901","0000000000","0"
"0","M","440020570","23","特定薬剤管理指導加算３（ロ）（服薬管理指導料）","19","ﾄｸﾃｲﾔｸｻﾞｲｶﾝﾘｼﾄﾞｳｶｻﾝ","185","089","3","0","1000","0","000","999","0","0","0","0","4","31","2","0","0","0","0","0","4","59","0","000","000","000","000","000","000","000","000","000","000","00","50","00","0","0","0","00","0","01","0","200","6","00","00","0","7","7","0","0","20260601","99999999","158","0210030902","0000000000","0"
"0","M","440012270","23","乳幼児服薬指導加算（服薬管理指導料・６歳未満）","18","ﾆｭｳﾖｳｼﾞﾌｸﾔｸｼﾄﾞｳｶｻﾝ","072","090","3","0","1200","0","000","999","0","0","0","0","4","31","2","0","0","0","0","0","4","19","1","000","000","000","000","000","000","000","000","000","000","00","52","00","0","0","0","00","0","01","0","200","7","00","06","0","7","7","0","0","20260601","99999999","159","0210031000","0000000000","0"
"0","M","440012370","15","小児特定加算（服薬管理指導料）","11","ｼｮｳﾆﾄｸﾃｲｶｻﾝ","145","091","3","0","35000","0","000","999","0","0","0","0","4","31","2","0","0","0","0","0","4","19","1","000","000","000","000","000","000","000","000","000","000","00","53","00","0","0","0","00","0","01","0","200","8","00","18","0","7","7","0","0","20260601","99999999","160","0210031100","0000000000","0"
"0","M","440012470","16","吸入薬指導加算（服薬管理指導料）","15","ｷｭｳﾆｭｳﾔｸｼﾄﾞｳｶｻﾝ","069","092","3","0","3000","0","000","999","0","0","0","0","4","31","2","0","0","0","0","0","4","19","0","000","000","000","000","000","000","000","000","000","000","49","54","00","0","0","0","01","0","00","0","200","9","00","00","0","7","7","0","0","20260601","99999999","161","0210031201","0000000000","0"
"9","M","440019670","11","吸入薬指導加算（特例）","15","ｷｭｳﾆｭｳﾔｸｼﾄﾞｳｶｻﾝ","069","092","3","0","3000","0","000","999","0","0","0","0","4","31","2","0","0","0","0","0","4","00","0","000","000","000","000","000","000","000","000","000","000","00","00","00","0","0","0","01","0","00","0","0","0","00","00","0","7","7","0","0","20260601","20260531","162","0210031202","0000000000","0"
"0","M","440026370","26","かかりつけ薬剤師フォローアップ加算（服薬管理指導料）","20","ｶｶﾘﾂｹﾔｸｻﾞｲｼﾌｫﾛｰｱｯﾌﾟｶ","227","072","3","0","5000","0","000","999","0","0","0","0","4","31","2","0","0","0","0","0","4","19","0","000","000","000","000","000","000","000","000","000","000","33","16","00","0","0","0","01","0","00","0","200","A","00","00","0","7","1","0","0","20260601","99999999","163","0210031300","0000000000","0"
"0","M","440026470","21","かかりつけ薬剤師訪問加算（服薬管理指導料）","18","ｶｶﾘﾂｹﾔｸｻﾞｲｼﾎｳﾓﾝｶｻﾝ","228","073","3","0","23000","0","000","999","0","0","0","0","4","31","2","0","0","0","0","0","4","19","0","000","000","000","000","000","000","000","000","000","000","34","17","00","0","0","0","01","0","00","0","200","B","00","00","0","7","1","0","0","20260601","99999999","164","0210031400","0000000000","0"
"0","M","440025510","30","服薬管理指導料１の特例（イ）（かかりつけ・３月内・手帳あり）","14","ﾌｸﾔｸｶﾝﾘｼﾄﾞｳﾘｮｳ","133","074","3","0","1300","0","000","999","0","0","0","0","4","30","2","0","0","0","0","0","4","54","0","448","000","000","000","000","000","000","000","000","000","32","21","00","0","0","0","00","0","01","0","200","0","00","00","0","1","1","0","0","20260601","99999999","165","0210031501","0000000000","0"
"0","M","440025910","28","服薬管理指導料１の特例（ロ）（イ以外・３月内・手帳あり）","14","ﾌｸﾔｸｶﾝﾘｼﾄﾞｳﾘｮｳ","133","074","3","0","1300","0","000","999","0","0","0","0","4","30","2","0","0","0","0","0","4","54","0","000","000","000","000","000","000","000","000","000","000","32","21","00","0","0","0","00","0","01","0","200","0","00","00","0","1","1","0","0","20260601","99999999","166","0210031502","0000000000","0"
"0","M","440012910","27","服薬管理指導料２の特例（イ）（かかりつけ・３月内以外）","14","ﾌｸﾔｸｶﾝﾘｼﾄﾞｳﾘｮｳ","135","076","3","0","1300","0","000","999","0","0","0","0","4","30","2","0","0","0","0","0","4","54","0","448","000","000","000","000","000","000","000","000","000","32","21","00","0","0","0","00","0","01","0","0","0","00","00","0","1","7","0","0","20260601","99999999","167","0210031503","0000000000","0"
"0","M","440026910","25","服薬管理指導料２の特例（ロ）（イ以外・３月内以外）","14","ﾌｸﾔｸｶﾝﾘｼﾄﾞｳﾘｮｳ","135","076","3","0","1300","0","000","999","0","0","0","0","4","30","2","0","0","0","0","0","4","54","0","000","000","000","000","000","000","000","000","000","000","32","21","00","0","0","0","00","0","01","0","0","0","00","00","0","1","7","0","0","20260601","99999999","168","0210031504","0000000000","0"
"0","M","440013010","27","服薬管理指導料４の特例（イ）（３月内・手帳あり・通信）","14","ﾌｸﾔｸｶﾝﾘｼﾄﾞｳﾘｮｳ","136","077","3","0","1300","0","000","999","0","0","0","0","4","30","2","0","0","0","0","0","4","54","0","000","000","000","000","000","000","000","000","000","000","32","21","00","0","0","0","00","0","01","0","0","0","00","00","0","1","7","0","0","20260601","99999999","169","0210031505","0000000000","0"
"0","M","440026110","21","服薬管理指導料４の特例（ロ）（在宅・通信）","14","ﾌｸﾔｸｶﾝﾘｼﾄﾞｳﾘｮｳ","000","000","3","0","1300","0","000","999","0","0","0","0","4","30","2","0","0","0","0","0","4","54","0","000","000","000","000","000","000","000","000","000","000","32","21","00","0","0","0","00","0","01","0","200","0","00","00","0","1","1","0","0","20260601","99999999","170","0210031506","0000000000","0"
"0","M","440025710","23","服薬管理指導料４の特例（ハ）（在宅緊急・通信）","14","ﾌｸﾔｸｶﾝﾘｼﾄﾞｳﾘｮｳ","000","000","3","0","1300","0","000","999","0","0","0","0","4","30","2","0","0","0","0","0","4","54","0","000","000","000","000","000","000","000","000","000","000","32","21","00","0","0","0","00","0","01","0","200","0","00","00","0","1","1","0","0","20260601","99999999","171","0210031507","0000000000","0"
"0","M","440013210","24","服薬管理指導料４の特例（ニ）（３月内以外・通信）","14","ﾌｸﾔｸｶﾝﾘｼﾄﾞｳﾘｮｳ","138","079","3","0","1300","0","000","999","0","0","0","0","4","30","2","0","0","0","0","0","4","54","0","000","000","000","000","000","000","000","000","000","000","32","21","00","0","0","0","00","0","01","0","0","0","00","00","0","1","7","0","0","20260601","99999999","172","0210031508","0000000000","0"
"0","M","440025610","29","服薬管理指導料２の特例（イ・かかりつけ・３月内・手帳なし）","14","ﾌｸﾔｸｶﾝﾘｼﾄﾞｳﾘｮｳ","134","075","3","0","1300","0","000","999","0","0","0","0","4","30","2","0","0","0","0","0","4","54","0","448","000","000","000","000","000","000","000","000","000","32","21","00","0","0","0","00","0","01","0","200","0","00","00","0","1","1","0","0","20260601","99999999","173","0210031509","0000000000","0"
"0","M","440026010","28","服薬管理指導料２の特例（ロ）（イ以外・３月内・手帳なし）","14","ﾌｸﾔｸｶﾝﾘｼﾄﾞｳﾘｮｳ","134","075","3","0","1300","0","000","999","0","0","0","0","4","30","2","0","0","0","0","0","4","54","0","000","000","000","000","000","000","000","000","000","000","32","21","00","0","0","0","00","0","01","0","200","0","00","00","0","1","1","0","0","20260601","99999999","174","0210031510","0000000000","0"
"0","M","440013110","26","服薬管理指導料４の特例（ニ）３月内・手帳なし・通信）","14","ﾌｸﾔｸｶﾝﾘｼﾄﾞｳﾘｮｳ","137","078","3","0","1300","0","000","999","0","0","0","0","4","30","2","0","0","0","0","0","4","54","0","000","000","000","000","000","000","000","000","000","000","32","21","00","0","0","0","00","0","01","0","0","0","00","00","0","1","7","0","0","20260601","99999999","175","0210031511","0000000000","0"
"0","M","440022770","27","特定薬剤管理指導加算１（イ）（服薬管理指導料）（特例）","19","ﾄｸﾃｲﾔｸｻﾞｲｶﾝﾘｼﾄﾞｳｶｻﾝ","181","085","3","0","1000","0","000","999","0","0","0","0","4","31","2","0","0","0","0","0","4","27","0","000","000","000","000","000","000","000","000","000","000","00","00","00","0","0","0","00","0","01","0","0","0","00","00","0","7","7","0","0","20260601","99999999","176","0210031601","0000000000","0"
"0","M","440022870","27","特定薬剤管理指導加算１（ロ）（服薬管理指導料）（特例）","19","ﾄｸﾃｲﾔｸｻﾞｲｶﾝﾘｼﾄﾞｳｶｻﾝ","182","086","3","0","500","0","000","999","0","0","0","0","4","31","2","0","0","0","0","0","4","27","0","000","000","000","000","000","000","000","000","000","000","00","00","00","0","0","0","00","0","01","0","0","0","00","00","0","7","7","0","0","20260601","99999999","177","0210031602","0000000000","0"
"0","M","440022970","27","特定薬剤管理指導加算３（イ）（服薬管理指導料）（特例）","19","ﾄｸﾃｲﾔｸｻﾞｲｶﾝﾘｼﾄﾞｳｶｻﾝ","184","088","3","0","500","0","000","999","0","0","0","0","4","31","2","0","0","0","0","0","4","59","0","000","000","000","000","000","000","000","000","000","000","00","00","00","0","0","0","00","0","01","0","0","0","00","00","0","7","7","0","0","20260601","99999999","178","0210031603","0000000000","0"
"0","M","440023070","27","特定薬剤管理指導加算３（ロ）（服薬管理指導料）（特例）","19","ﾄｸﾃｲﾔｸｻﾞｲｶﾝﾘｼﾄﾞｳｶｻﾝ","185","089","3","0","1000","0","000","999","0","0","0","0","4","31","2","0","0","0","0","0","4","59","0","000","000","000","000","000","000","000","000","000","000","00","00","00","0","0","0","00","0","01","0","0","0","00","00","0","7","7","0","0","20260601","99999999","179","0210031604","0000000000","0"
"9","M","440019170","21","麻薬管理指導加算（服薬管理指導料）（特例）","13","ﾏﾔｸｶﾝﾘｼﾄﾞｳｶｻﾝ","011","001","3","0","2200","0","000","999","0","0","0","0","4","31","2","0","0","0","0","0","4","19","0","000","000","000","000","000","000","000","000","000","000","00","00","00","1","0","0","00","0","01","0","0","0","00","00","0","7","7","0","0","20260601","20260531","180","0210031605","0000000000","0"
"9","M","440019370","24","特定薬剤管理指導加算２（服薬管理指導料）（特例）","19","ﾄｸﾃｲﾔｸｻﾞｲｶﾝﾘｼﾄﾞｳｶｻﾝ","074","140","3","0","10000","0","000","999","0","0","0","0","4","31","2","0","0","0","0","0","4","59","0","000","000","000","000","000","000","000","000","000","000","00","00","00","0","0","0","01","0","00","0","0","0","00","00","0","7","7","0","0","20260601","20260531","181","0210031606","0000000000","0"
"9","M","440019470","27","乳幼児服薬指導加算（服薬管理指導料・６歳未満）（特例）","18","ﾆｭｳﾖｳｼﾞﾌｸﾔｸｼﾄﾞｳｶｻﾝ","000","000","3","0","1200","0","000","999","0","0","0","0","4","31","2","0","0","0","0","0","4","19","1","000","000","000","000","000","000","000","000","000","000","00","00","00","0","0","0","00","0","01","0","0","0","00","06","0","7","7","0","0","20260601","20260531","182","0000000000","0000000000","0"
"9","M","440019570","19","小児特定加算（服薬管理指導料）（特例）","11","ｼｮｳﾆﾄｸﾃｲｶｻﾝ","000","000","3","0","35000","0","000","999","0","0","0","0","4","31","2","0","0","0","0","0","4","19","1","000","000","000","000","000","000","000","000","000","000","00","00","00","0","0","0","00","0","01","0","0","0","00","18","0","7","7","0","0","20260601","20260531","183","0000000000","0000000000","0"
"0","M","440013510","8","外来服薬支援料１","15","ｶﾞｲﾗｲﾌｸﾔｸｼｴﾝﾘｮｳ","147","097","3","0","18500","0","000","999","0","0","0","0","4","30","2","0","0","0","0","0","4","23","0","000","000","000","000","000","000","000","000","000","000","51","86","00","0","0","0","01","0","00","0","0","0","00","00","0","1","1","0","0","20260601","99999999","184","0214020100","0000000000","0"
"0","M","440013610","16","外来服薬支援料２（４２日分以下）","15","ｶﾞｲﾗｲﾌｸﾔｸｼｴﾝﾘｮｳ","148","098","3","1","3400","1","007","042","7","3400","0","0","4","45","2","0","0","0","0","0","4","01","0","000","000","000","000","000","000","000","000","000","000","50","84","40","0","0","1","00","0","01","0","350","0","00","00","0","1","1","0","0","20260601","99999999","185","0214020201","0000000000","0"
"0","M","440013710","16","外来服薬支援料２（４３日分以上）","15","ｶﾞｲﾗｲﾌｸﾔｸｼｴﾝﾘｮｳ","148","098","3","1","24000","0","043","999","0","0","0","0","4","45","2","0","0","0","0","0","4","01","0","000","000","000","000","000","000","000","000","000","000","50","85","41","0","0","1","00","0","01","0","350","0","00","00","0","1","1","0","0","20260601","99999999","186","0214020202","0000000000","0"
"0","M","440015210","23","外来服薬支援料２（４３日分以上・在宅基幹薬局）","15","ｶﾞｲﾗｲﾌｸﾔｸｼｴﾝﾘｮｳ","148","098","3","0","24000","0","043","999","0","0","0","0","4","45","2","0","0","0","0","0","4","71","0","000","000","000","000","000","000","000","000","000","000","50","00","41","0","0","0","00","0","00","0","350","0","00","00","1","1","1","0","0","20260601","99999999","187","0214020203","0000000000","0"
"0","M","440015910","25","外来服薬支援料２（７日分以下の場合・在宅基幹薬局）","15","ｶﾞｲﾗｲﾌｸﾔｸｼｴﾝﾘｮｳ","148","098","3","0","3400","0","007","007","0","0","0","0","4","45","2","0","0","0","0","0","4","71","0","000","000","000","000","000","000","000","000","000","000","50","00","40","0","0","0","00","0","00","0","350","0","00","00","1","1","1","0","0","20260601","99999999","188","0214020204","0000000000","0"
"0","M","440016010","30","外来服薬支援料２（８日分以上１４日以下の場合・在宅基幹薬局）","15","ｶﾞｲﾗｲﾌｸﾔｸｼｴﾝﾘｮｳ","148","098","3","0","6800","0","008","014","0","0","0","0","4","45","2","0","0","0","0","0","4","71","0","000","000","000","000","000","000","000","000","000","000","50","00","40","0","0","0","00","0","00","0","350","0","00","00","1","1","1","0","0","20260601","99999999","189","0214020205","0000000000","0"
"0","M","440016110","31","外来服薬支援料２（１５日分以上２１日以下の場合・在宅基幹薬局）","15","ｶﾞｲﾗｲﾌｸﾔｸｼｴﾝﾘｮｳ","148","098","3","0","10200","0","015","021","0","0","0","0","4","45","2","0","0","0","0","0","4","71","0","000","000","000","000","000","000","000","000","000","000","50","00","40","0","0","0","00","0","00","0","350","0","00","00","1","1","1","0","0","20260601","99999999","190","0214020206","0000000000","0"
"0","M","440016210","31","外来服薬支援料２（２２日分以上２８日以下の場合・在宅基幹薬局）","15","ｶﾞｲﾗｲﾌｸﾔｸｼｴﾝﾘｮｳ","148","098","3","0","13600","0","022","028","0","0","0","0","4","45","2","0","0","0","0","0","4","71","0","000","000","000","000","000","000","000","000","000","000","50","00","40","0","0","0","00","0","00","0","350","0","00","00","1","1","1","0","0","20260601","99999999","191","0214020207","0000000000","0"
"0","M","440016310","31","外来服薬支援料２（２９日分以上３５日以下の場合・在宅基幹薬局）","15","ｶﾞｲﾗｲﾌｸﾔｸｼｴﾝﾘｮｳ","148","098","3","0","17000","0","029","035","0","0","0","0","4","45","2","0","0","0","0","0","4","71","0","000","000","000","000","000","000","000","000","000","000","50","00","40","0","0","0","00","0","00","0","350","0","00","00","1","1","1","0","0","20260601","99999999","192","0214020208","0000000000","0"
"0","M","440016410","31","外来服薬支援料２（３６日分以上４２日以下の場合・在宅基幹薬局）","15","ｶﾞｲﾗｲﾌｸﾔｸｼｴﾝﾘｮｳ","148","098","3","0","20400","0","035","042","0","0","0","0","4","45","2","0","0","0","0","0","4","71","0","000","000","000","000","000","000","000","000","000","000","50","00","40","0","0","0","00","0","00","0","350","0","00","00","1","1","1","0","0","20260601","99999999","193","0214020209","0000000000","0"
"0","M","440021170","16","施設連携加算（外来服薬支援料２）","10","ｼｾﾂﾚﾝｹｲｶｻﾝ","186","099","3","0","5000","0","000","999","0","0","0","0","4","31","2","0","0","0","0","0","4","80","0","000","000","000","000","000","000","000","000","000","000","52","00","00","0","0","0","01","0","00","0","350","1","00","00","1","7","7","0","0","20260601","99999999","194","0214020300","0000000000","0"
"0","M","440009410","10","服用薬剤調整支援料１","20","ﾌｸﾖｳﾔｸｻﾞｲﾁｮｳｾｲｼｴﾝﾘｮｳ","060","100","3","0","12500","0","000","999","0","0","0","0","4","30","2","0","0","0","0","0","4","55","0","000","000","000","000","000","000","000","000","000","000","94","00","00","0","0","0","01","0","00","0","0","0","00","00","1","1","1","0","0","20260601","99999999","195","0214030100","0000000000","0"
"0","M","440026510","10","服用薬剤調整支援料２","20","ﾌｸﾖｳﾔｸｻﾞｲﾁｮｳｾｲｼｴﾝﾘｮｳ","061","101","3","0","100000","0","000","999","0","0","0","0","4","30","2","0","0","0","0","0","4","60","0","000","000","000","000","000","000","000","000","000","000","94","93","00","0","0","0","01","0","00","0","0","0","00","00","0","1","1","0","0","20270601","99999999","196","0214030200","0000000000","0"
"0","M","440021210","18","調剤後薬剤管理指導料１（糖尿病患者）","20","ﾁｮｳｻﾞｲｺﾞﾔｸｻﾞｲｶﾝﾘｼﾄﾞｳ","187","103","3","0","6000","0","000","999","0","0","0","0","4","30","2","0","0","0","0","0","4","00","0","427","432","433","434","000","000","000","000","000","000","61","25","00","0","0","0","01","0","00","0","0","0","00","00","1","1","1","0","0","20260601","99999999","197","0214040100","0000000000","0"
"0","M","440021310","20","調剤後薬剤管理指導料２（慢性心不全患者）","20","ﾁｮｳｻﾞｲｺﾞﾔｸｻﾞｲｶﾝﾘｼﾄﾞｳ","188","104","3","0","6000","0","000","999","0","0","0","0","4","30","2","0","0","0","0","0","4","00","0","427","432","433","434","000","000","000","000","000","000","62","26","00","0","0","0","01","0","00","0","0","0","00","00","1","1","1","0","0","20260601","99999999","198","0214040200","0000000000","0"
"0","M","440005710","25","在宅患者訪問薬剤管理指導料（単一建物診療患者１人）","20","ｻﾞｲﾀｸﾎｳﾓﾝﾔｸｻﾞｲｶﾝﾘｼﾄﾞ","057","105","3","0","65000","0","000","999","0","0","0","0","4","30","0","0","0","0","0","0","4","16","0","402","000","000","000","000","000","000","000","000","000","96","96","00","0","0","0","08","0","01","0","500","0","00","00","1","1","1","0","0","20260601","99999999","199","0215000100","0000000000","0"
"0","M","440005810","31","在宅患者訪問薬剤管理指導料（単一建物診療患者２人以上９人以下）","20","ｻﾞｲﾀｸﾎｳﾓﾝﾔｸｻﾞｲｶﾝﾘｼﾄﾞ","065","106","3","0","32000","0","000","999","0","0","0","0","4","30","0","0","0","0","0","0","4","16","0","402","000","000","000","000","000","000","000","000","000","97","97","00","0","0","0","08","0","01","0","500","0","00","00","1","1","1","0","0","20260601","99999999","200","0215000200","0000000000","0"
"0","M","440005910","21","在宅患者訪問薬剤管理指導料（１及び２以外）","20","ｻﾞｲﾀｸﾎｳﾓﾝﾔｸｻﾞｲｶﾝﾘｼﾄﾞ","054","107","3","0","29000","0","000","999","0","0","0","0","4","30","0","0","0","0","0","0","4","16","0","402","000","000","000","000","000","000","000","000","000","98","98","00","0","0","0","08","0","01","0","500","0","00","00","1","1","1","0","0","20260601","99999999","201","0215000300","0000000000","0"
"0","M","440000970","23","麻薬管理指導加算（在宅患者訪問薬剤管理指導料）","13","ﾏﾔｸｶﾝﾘｼﾄﾞｳｶｻﾝ","011","001","3","0","10000","0","000","999","0","0","0","0","4","31","0","0","0","0","0","0","4","00","0","000","000","000","000","000","000","000","000","000","000","53","59","00","1","0","0","08","0","01","0","500","1","00","00","1","7","7","0","0","20260601","99999999","202","0215000400","0000000000","0"
"0","M","440012770","32","在宅患者医療用麻薬持続注射療法加算（在宅患者訪問薬剤管理指導料）","20","ｻﾞｲﾀｸｶﾝｼﾞｬｲﾘｮｳﾖｳﾏﾔｸｼ","150","109","3","0","25000","0","000","999","0","0","0","0","4","31","0","0","0","0","0","0","4","00","0","436","000","000","000","000","000","000","000","000","000","58","95","00","1","0","0","08","0","01","0","500","3","00","00","1","7","7","0","0","20260601","99999999","203","0215000500","0000000000","0"
"0","M","440006070","25","乳幼児加算（在宅患者訪問薬剤管理指導料・６歳未満）","10","ﾆｭｳﾖｳｼﾞｶｻﾝ","072","090","3","0","10000","0","000","999","0","0","0","0","4","31","0","0","0","0","0","0","4","00","1","000","000","000","000","000","000","000","000","000","000","00","99","00","0","0","0","08","0","01","0","500","2","00","06","1","7","7","0","0","20260601","99999999","204","0215000600","0000000000","0"
"0","M","440012970","21","小児特定加算（在宅患者訪問薬剤管理指導料）","11","ｼｮｳﾆﾄｸﾃｲｶｻﾝ","145","091","3","0","45000","0","000","999","0","0","0","0","4","31","0","0","0","0","0","0","4","00","1","000","000","000","000","000","000","000","000","000","000","00","56","00","0","0","0","08","0","01","0","500","4","00","18","1","7","7","0","0","20260601","99999999","205","0215000700","0000000000","0"
"0","M","440013170","26","在宅中心静脈栄養法加算（在宅患者訪問薬剤管理指導料）","20","ｻﾞｲﾀｸﾁｭｳｼﾝｼﾞｮｳﾐｬｸｴｲﾖ","151","110","3","0","15000","0","000","999","0","0","0","0","4","31","0","0","0","0","0","0","4","00","0","437","000","000","000","000","000","000","000","000","000","00","00","00","0","0","0","08","0","01","0","500","5","00","00","1","7","7","0","0","20260601","99999999","206","0215000800","0000000000","0"
"0","M","440009710","32","在宅患者緊急訪問薬剤管理指導料（指導に係る疾患の急変に伴うもの）","20","ｻﾞｲﾀｸｶﾝｼﾞｬｷﾝｷｭｳﾎｳﾓﾝﾔ","062","114","3","0","50000","0","000","999","0","0","0","0","4","30","0","0","0","0","0","0","4","30","0","000","000","000","000","000","000","000","000","000","000","63","66","00","0","0","0","08","0","01","0","700","0","00","00","1","1","1","0","0","20260601","99999999","207","0215020100","0000000000","0"
"0","M","440009810","20","在宅患者緊急訪問薬剤管理指導料（１以外）","20","ｻﾞｲﾀｸｶﾝｼﾞｬｷﾝｷｭｳﾎｳﾓﾝﾔ","063","115","3","0","20000","0","000","999","0","0","0","0","4","30","0","0","0","0","0","0","4","30","0","000","000","000","000","000","000","000","000","000","000","63","83","00","0","0","0","08","0","01","0","700","0","00","00","1","1","1","0","0","20260601","99999999","208","0215020200","0000000000","0"
"0","M","440002070","25","麻薬管理指導加算（在宅患者緊急訪問薬剤管理指導料）","13","ﾏﾔｸｶﾝﾘｼﾄﾞｳｶｻﾝ","011","001","3","0","10000","0","000","999","0","0","0","0","4","31","0","0","0","0","0","0","4","00","0","000","000","000","000","000","000","000","000","000","000","54","71","00","1","0","0","08","0","01","0","700","1","00","00","1","7","7","0","0","20260601","99999999","209","0215020300","0000000000","0"
"0","M","440013370","30","在宅患者医療用麻薬持続注射療法加算（緊急訪問薬剤管理指導料）","20","ｻﾞｲﾀｸｶﾝｼﾞｬｲﾘｮｳﾖｳﾏﾔｸｼ","150","109","3","0","25000","0","000","999","0","0","0","0","4","31","0","0","0","0","0","0","4","00","0","436","000","000","000","000","000","000","000","000","000","55","72","00","1","0","0","04","0","01","0","700","3","00","00","1","7","7","0","0","20260601","99999999","210","0215020400","0000000000","0"
"0","M","440006170","27","乳幼児加算（在宅患者緊急訪問薬剤管理指導料・６歳未満）","10","ﾆｭｳﾖｳｼﾞｶｻﾝ","072","090","3","0","10000","0","000","999","0","0","0","0","4","31","0","0","0","0","0","0","4","00","1","000","000","000","000","000","000","000","000","000","000","00","73","00","0","0","0","08","0","01","0","700","2","00","06","1","7","7","0","0","20260601","99999999","211","0215020500","0000000000","0"
"0","M","440013570","23","小児特定加算（在宅患者緊急訪問薬剤管理指導料）","11","ｼｮｳﾆﾄｸﾃｲｶｻﾝ","145","091","3","0","45000","0","000","999","0","0","0","0","4","31","0","0","0","0","0","0","4","00","1","000","000","000","000","000","000","000","000","000","000","00","70","00","0","0","0","08","0","01","0","700","4","00","18","1","7","7","0","0","20260601","99999999","212","0215020600","0000000000","0"
"0","M","440013770","28","在宅中心静脈栄養法加算（在宅患者緊急訪問薬剤管理指導料）","20","ｻﾞｲﾀｸﾁｭｳｼﾝｼﾞｮｳﾐｬｸｴｲﾖ","151","110","3","0","15000","0","000","999","0","0","0","0","4","31","0","0","0","0","0","0","4","00","0","437","000","000","000","000","000","000","000","000","000","00","00","00","0","0","0","08","0","01","0","700","5","00","00","1","7","7","0","0","20260601","99999999","213","0215020700","0000000000","0"
"0","M","440021670","24","夜間訪問加算（在宅患者緊急訪問薬剤管理指導料１）","10","ﾔｶﾝﾎｳﾓﾝｶｻﾝ","192","119","3","0","40000","0","000","999","0","0","0","0","4","31","0","0","0","0","0","0","4","00","0","000","000","000","000","000","000","000","000","000","000","63","67","00","0","0","0","08","0","01","0","700","6","00","00","1","7","7","0","0","20260601","99999999","214","0215020801","0000000000","0"
"0","M","440021770","24","休日訪問加算（在宅患者緊急訪問薬剤管理指導料１）","13","ｷｭｳｼﾞﾂﾎｳﾓﾝｶｻﾝ","193","120","3","0","60000","0","000","999","0","0","0","0","4","31","0","0","0","0","0","0","4","00","0","000","000","000","000","000","000","000","000","000","000","63","67","00","0","0","0","08","0","01","0","700","6","00","00","1","7","7","0","0","20260601","99999999","215","0215020802","0000000000","0"
"0","M","440021870","24","深夜訪問加算（在宅患者緊急訪問薬剤管理指導料１）","10","ｼﾝﾔﾎｳﾓﾝｶｻﾝ","194","121","3","0","100000","0","000","999","0","0","0","0","4","31","0","0","0","0","0","0","4","00","0","000","000","000","000","000","000","000","000","000","000","63","67","00","0","0","0","08","0","01","0","700","6","00","00","1","7","7","0","0","20260601","99999999","216","0215020803","0000000000","0"
"9","M","440018110","28","在宅患者緊急訪問薬剤管理指導料（対面による場合）（特例）","20","ｻﾞｲﾀｸｶﾝｼﾞｬｷﾝｷｭｳﾎｳﾓﾝﾔ","041","141","3","0","50000","0","000","999","0","0","0","0","4","30","0","0","0","0","0","0","4","30","0","000","000","000","000","000","000","000","000","000","000","00","00","00","0","0","0","08","0","01","0","0","0","00","00","1","1","1","0","0","20260601","20260531","217","0215020901","0000000000","0"
"0","M","440021410","29","在宅患者緊急訪問薬剤管理指導料（対面による場合）（感染症）","20","ｻﾞｲﾀｸｶﾝｼﾞｬｷﾝｷｭｳﾎｳﾓﾝﾔ","190","122","3","0","50000","0","000","999","0","0","0","0","4","30","0","0","0","0","0","0","4","30","0","000","000","000","000","000","000","000","000","000","000","60","23","00","0","1","0","00","0","01","0","700","0","00","00","1","1","1","0","0","20260601","99999999","218","0215020902","0000000000","0"
"9","M","440020110","29","在宅患者緊急オンライン薬剤管理指導料（特例）（１０月以降）","20","ｻﾞｲﾀｸｶﾝｼﾞｬｵﾝﾗｲﾝｷﾝｷｭｳ","173","142","3","0","5900","0","000","999","0","0","0","0","4","30","0","0","0","0","0","0","4","30","0","000","000","000","000","000","000","000","000","000","000","00","00","00","0","0","0","00","0","01","0","0","0","00","00","1","1","7","0","0","20260601","20260531","219","0215021001","0000000000","0"
"0","M","440021510","23","在宅患者緊急オンライン薬剤管理指導料（感染症）","20","ｻﾞｲﾀｸｶﾝｼﾞｬｵﾝﾗｲﾝｷﾝｷｭｳ","191","123","3","0","5900","0","000","999","0","0","0","0","4","30","0","0","0","0","0","0","4","30","0","000","000","000","000","000","000","000","000","000","000","85","57","00","0","1","0","00","0","01","0","0","0","00","00","1","1","7","0","0","20260601","99999999","220","0215021002","0000000000","0"
"0","M","440002110","13","在宅患者緊急時等共同指導料","20","ｻﾞｲﾀｸｶﾝｼﾞｬｷﾝｷｭｳｼﾞｷｮｳ","067","124","3","0","70000","0","000","999","0","0","0","0","4","30","0","0","0","0","0","0","4","30","0","000","000","000","000","000","000","000","000","000","000","64","64","00","0","0","0","02","0","01","0","800","0","00","00","1","1","1","0","0","20260601","99999999","221","0215030100","0000000000","0"
"0","M","440002270","23","麻薬管理指導加算（在宅患者緊急時等共同指導料）","13","ﾏﾔｸｶﾝﾘｼﾄﾞｳｶｻﾝ","011","001","3","0","10000","0","000","999","0","0","0","0","4","31","0","0","0","0","0","0","4","00","0","000","000","000","000","000","000","000","000","000","000","57","76","00","1","0","0","02","0","01","0","800","1","00","00","1","7","7","0","0","20260601","99999999","222","0215030200","0000000000","0"
"0","M","440013870","32","在宅患者医療用麻薬持続注射療法加算（在宅患者緊急時等共同指導料）","20","ｻﾞｲﾀｸｶﾝｼﾞｬｲﾘｮｳﾖｳﾏﾔｸｼ","150","109","3","0","25000","0","000","999","0","0","0","0","4","31","0","0","0","0","0","0","4","00","0","436","000","000","000","000","000","000","000","000","000","56","74","00","1","0","0","02","0","01","0","800","3","00","00","1","7","7","0","0","20260601","99999999","223","0215030300","0000000000","0"
"0","M","440006270","25","乳幼児加算（在宅患者緊急時等共同指導料・６歳未満）","10","ﾆｭｳﾖｳｼﾞｶｻﾝ","072","090","3","0","10000","0","000","999","0","0","0","0","4","31","0","0","0","0","0","0","4","00","1","000","000","000","000","000","000","000","000","000","000","00","77","00","0","0","0","02","0","01","0","800","2","00","06","1","7","7","0","0","20260601","99999999","224","0215030400","0000000000","0"
"0","M","440013970","21","小児特定加算（在宅患者緊急時等共同指導料）","11","ｼｮｳﾆﾄｸﾃｲｶｻﾝ","145","091","3","0","45000","0","000","999","0","0","0","0","4","31","0","0","0","0","0","0","4","00","1","000","000","000","000","000","000","000","000","000","000","00","75","00","0","0","0","02","0","01","0","800","4","00","18","1","7","7","0","0","20260601","99999999","225","0215030500","0000000000","0"
"0","M","440014070","26","在宅中心静脈栄養法加算（在宅患者緊急時等共同指導料）","20","ｻﾞｲﾀｸﾁｭｳｼﾝｼﾞｮｳﾐｬｸｴｲﾖ","151","110","3","0","15000","0","000","999","0","0","0","0","4","31","0","0","0","0","0","0","4","00","0","437","000","000","000","000","000","000","000","000","000","00","64","00","0","0","0","02","0","01","0","800","5","00","00","1","7","7","0","0","20260601","99999999","226","0215030600","0000000000","0"
"0","M","440002310","8","退院時共同指導料","19","ﾀｲｲﾝｼﾞｷｮｳﾄﾞｳｼﾄﾞｳﾘｮｳ","068","125","3","0","60000","0","000","999","0","0","0","0","4","30","0","0","0","0","0","0","4","24","0","000","000","000","000","000","000","000","000","000","000","38","00","00","0","0","0","02","0","01","0","0","0","00","00","0","1","1","0","0","20260601","99999999","227","0215040000","0000000000","0"
"0","M","440006310","9","服薬情報等提供料１","20","ﾌｸﾔｸｼﾞｮｳﾎｳﾄｳﾃｲｷｮｳﾘｮｳ","195","126","3","0","3000","0","000","999","0","0","0","0","0","30","2","0","0","0","0","0","4","35","0","000","000","000","000","000","000","000","000","000","000","15","15","00","0","0","0","01","0","00","0","0","0","00","00","1","1","1","0","0","20260601","99999999","228","0215050100","0000000000","0"
"0","M","440021910","17","服薬情報等提供料２（保険医療機関）","20","ﾌｸﾔｸｼﾞｮｳﾎｳﾄｳﾃｲｷｮｳﾘｮｳ","196","127","3","0","2000","0","000","999","0","0","0","0","0","30","2","0","0","0","0","0","4","35","0","000","000","000","000","000","000","000","000","000","000","15","15","00","0","0","0","01","0","00","0","0","0","00","00","1","1","1","0","0","20260601","99999999","229","0215050100","0000000000","0"
"0","M","440022010","18","服薬情報等提供料２（リフィル処方箋）","20","ﾌｸﾔｸｼﾞｮｳﾎｳﾄｳﾃｲｷｮｳﾘｮｳ","197","128","3","0","2000","0","000","999","0","0","0","0","0","30","2","0","0","0","0","0","4","35","0","000","000","000","000","000","000","000","000","000","000","15","15","00","0","0","0","01","0","00","0","0","0","00","00","1","1","1","0","0","20260601","99999999","230","0215050200","0000000000","0"
"0","M","440022110","18","服薬情報等提供料２（介護支援専門員）","20","ﾌｸﾔｸｼﾞｮｳﾎｳﾄｳﾃｲｷｮｳﾘｮｳ","198","129","3","0","2000","0","000","999","0","0","0","0","0","30","2","0","0","0","0","0","4","35","0","000","000","000","000","000","000","000","000","000","000","15","15","00","0","0","0","01","0","00","0","0","0","00","00","1","1","1","0","0","20260601","99999999","231","0215050300","0000000000","0"
"0","M","440014210","9","服薬情報等提供料３","20","ﾌｸﾔｸｼﾞｮｳﾎｳﾄｳﾃｲｷｮｳﾘｮｳ","199","130","3","0","5000","0","000","999","0","0","0","0","0","30","2","0","0","0","0","0","4","77","0","000","000","000","000","000","000","000","000","000","000","15","15","00","0","0","0","01","0","00","0","0","0","00","00","0","1","1","0","0","20260601","99999999","232","0215050400","0000000000","0"
"0","M","440009910","7","経管投薬支援料","14","ｹｲｶﾝﾄｳﾔｸｼｴﾝﾘｮｳ","084","135","3","0","10000","0","000","999","0","0","0","0","4","30","0","0","0","0","0","0","4","62","0","000","000","000","000","000","000","000","000","000","000","79","00","00","0","0","0","01","0","00","0","0","0","00","00","1","1","1","0","0","20260601","99999999","233","0215070000","0000000000","0"
"0","M","440022610","9","在宅移行初期管理料","17","ｻﾞｲﾀｸｲｺｳｼｮｷｶﾝﾘﾘｮｳ","204","136","3","0","23000","0","000","999","0","0","0","0","4","30","0","0","0","0","0","0","4","76","0","000","000","000","000","000","000","000","000","000","000","84","88","00","0","0","0","01","0","00","0","0","0","00","00","1","1","1","0","0","20260601","99999999","234","0215080000","0000000000","0"
"0","M","440026710","13","訪問薬剤管理医師同時指導料","20","ﾎｳﾓﾝﾔｸｻﾞｲｶﾝﾘｲｼﾄﾞｳｼﾞｼ","229","137","3","0","15000","0","000","999","0","0","0","0","4","30","2","0","0","0","0","0","4","84","0","000","000","000","000","000","000","000","000","000","000","06","90","00","0","0","0","01","0","00","0","0","0","00","00","1","1","1","0","0","20260601","99999999","235","0215090000","0000000000","0"
"0","M","440026610","12","複数名薬剤管理指導訪問料","20","ﾌｸｽｳﾒｲﾔｸｻﾞｲｶﾝﾘｼﾄﾞｳﾎｳ","230","138","3","0","30000","0","000","999","0","0","0","0","4","30","2","0","0","0","0","0","4","85","0","000","000","000","000","000","000","000","000","000","000","07","89","00","0","0","0","00","0","00","0","0","0","00","00","1","1","1","0","0","20260601","99999999","236","0215100000","0000000000","0"
"0","M","440027010","25","服薬管理指導料４（イ）（介護老人福祉施設等の患者）","14","ﾌｸﾔｸｶﾝﾘｼﾄﾞｳﾘｮｳ","242","068","3","0","4500","0","000","999","0","0","0","0","4","30","2","0","0","0","0","0","4","18","0","000","000","000","000","000","000","000","000","000","000","22","12","00","0","0","0","00","0","01","0","200","0","00","00","0","1","1","0","0","20260601","99999999","237","0210030406","0000000000","0"
"0","M","470000010","11","調剤ベースアップ評価料","20","ﾁｮｳｻﾞｲﾍﾞｰｽｱｯﾌﾟﾋｮｳｶﾘｮ","231","138","3","0","400","0","000","999","0","0","0","0","0","50","2","0","0","0","0","0","7","82","0","449","000","000","000","000","000","000","000","000","000","00","00","00","0","0","0","00","0","01","0","0","0","00","00","0","1","1","0","0","20260601","99999999","237","0240000000","0000000000","0"
"0","M","470000210","7","調剤物価対応料","11","ﾌﾞｯｶﾀｲｵｳﾘｮｳ","232","139","3","0","100","0","000","999","0","0","0","0","0","50","2","0","0","0","0","0","7","83","0","000","000","000","000","000","000","000","000","000","000","00","00","00","0","0","0","01","0","00","0","0","0","00","00","0","1","1","0","0","20260601","99999999","238","0241000000","0000000000","0"
